id,category,hook_type,post,cta,status,notes
1,副業・収益化,言い切り,"「副業で月5万」が目標の人、
全員同じミスしてる。

ノウハウを集めすぎ。

「あと1記事読んだら始めよう」
「あのツール試してから…」

これ、永遠に始まらないやつ。

稼いでる人は例外なく
情報3割で動いてる。

残り7割は走りながら覚えた。

完璧に準備してから始めた人、
見たことある？

俺はない。

今日1個だけでいいから
手を動かしてみて。

「調べる」じゃなくて「やる」。
これだけで上位10%に入れる。",いいねで自分に約束しよう,draft,広い市場×言い切り×行動喚起
2,時間術,逆張り,"「忙しくて時間がない」

って言う人ほど
スマホのスクリーンタイム
5時間超えてる説。

厳しいこと言うけど、
時間がないんじゃなくて
優先順位がバグってるだけ。

1日1時間を副業に回すだけで
年間365時間。

これ、フルタイム2ヶ月分。

「時間ない」は言い訳じゃなくて
思い込み。

スクリーンタイム見てから
もう一回言ってみて。",スクリーンタイム何時間だった？リプで教えて,draft,賛否両論テーマ×データ×リプ誘導
3,個人開発,共感→気づき,"個人開発で一番キツいのは
コードを書くことじゃない。

「誰にも使われない」こと。

3ヶ月かけて作ったサービス、
ローンチして反応ゼロ。

これ、マジで心折れる。
経験者ならわかるはず。

でも原因はほぼ1つ。

作る前に「誰が使うか」を
1人も特定してなかった。

たった1人でいい。
「この人の、この悩みを解決する」

これ決めてから作ると
全部変わる。",経験ある人🙋‍♂️,draft,広い共感×個人開発者向け×議論誘発
4,SaaS収益化,ストーリー型,"月収0→10万を
個人SaaSで達成した時、

一番効いたのは
機能追加でもUI改善でもなかった。

「既存ユーザー5人にDMして
困ってること聞いた」

これだけ。

そこで出た悩みを
そのまま機能にしたら
解約率が半分になった。

新規より既存。
想像より直接聞く。

ユーザーの声は
最強のロードマップ。",実践してる人いたらリプで共有してほしい,draft,ストーリー×SaaS×フォロワーリサーチ戦略の実践例
5,X運用,メタ・ノウハウ,"Xで伸びない人の投稿、
9割が同じ病気にかかってる。

「丁寧すぎ病」

「〜かもしれません」
「一概には言えませんが」
「個人の感想です」

配慮してるつもりだろうけど、
読んだ人の感情は1ミリも動かない。

バズってる投稿を見てみ。
全部言い切ってる。

言い切ると怖い？

大丈夫。
「考え方」に対して言い切れば
炎上しない。

人を否定するな。
常識を否定しろ。",次のポストで試してみて,draft,Tips②③の実践解説×広い市場（X運用者全般）
6,マインドセット,対立構造,"「まずは副業から始めるべき」
vs
「稼ぎたいなら脱サラしろ」

正直、どっちも正解。

でも俺は副業派。

理由はシンプルで、
脱サラして月収ゼロの
プレッシャーの中で
冷静な判断ができる人間は
ほぼいないから。

焦りは判断力を殺す。

本業の安定収入がある状態で
月5万→10万→30万と
積み上げていく方が
圧倒的に再現性が高い。

「いつでも辞められる状態」を
作ってから辞める。

これが最強。",あなたはどっち派？,draft,対立構造×考え方をぶつける×リプ誘導
7,生産性,データ型,"衝撃のデータ。

人間が1日に「集中」できる時間、
たった4時間。

つまり8時間働いても
本当に生産的なのは半分以下。

これ知ってから
朝の4時間を「攻め」の時間にした。

コード書く、記事書く、
重要な意思決定する。

午後は「守り」。
メール返信、MTG、雑務。

これだけで
アウトプット量が倍になった。

残業してる場合じゃない。
集中の4時間を守れ。",試してみた人いたら結果教えて,draft,広い市場（全社会人）×データ×実践可能
8,フリーランス,問題提起,"フリーランスの9割が
「技術力」で差別化しようとして
失敗してる。

厳しい現実だけど、
技術力で差がつく時代は終わった。

ChatGPTもClaudeもある今、
コードの品質は平準化してる。

じゃあ何で差がつくか？

「この人に頼みたい」
と思わせる発信力。

技術ブログじゃなくて
「自分の考え」を発信してる人が
案件を取ってる。

スキルは前提。
選ばれる理由は「人」。",心当たりある人はいいね,draft,逆張り×広い市場（フリーランス全般）×AI時代の文脈
9,継続のコツ,共感型,"「毎日投稿しよう」

と決めて3日で止まった人、
俺以外にもいるはず。

毎日投稿が続かない理由、
意志が弱いんじゃなくて
ハードル設定がバグってるだけ。

「渾身の1投稿」を毎日？
そりゃ無理。

最初は「1行でもOK」にする。

「今日も副業やった」
これでいい。

ゼロと1の差は
1と100の差より大きい。

完璧より継続。
これガチ。",3日坊主仲間いたらリプで🙋‍♂️,draft,広い共感×継続テーマ×ハードル下げ
10,AI・テクノロジー,トレンド型,"2026年、
AIを「使う側」と「知らない側」で
収入格差がエグいことになってる。

これ、煽りじゃなくて事実。

プログラミング → AIで3倍速
ライティング → AIで下書き自動化
リサーチ → AIで1時間→10分

同じ24時間を使って
アウトプット量に3倍差がつく。

「AIに仕事奪われる」
じゃなくて
「AIを使う人に仕事奪われる」

まだ使いこなせてない人、
今がラストチャンス。
来年にはもう当たり前になってる。",使ってるAIツールをリプで共有しよう,draft,広い市場×トレンド×緊急性×リプ誘導
11,お金・節約,言い切り,"「貯金ができない」って人、
収入が少ないんじゃなくて
支出を把握してないだけ。

先月いくら使ったか
1円単位で言える？

言えないなら、
そりゃ貯まらない。

稼ぐ力を上げる前に
まず「漏れ」を止めろ。

家計簿アプリ入れて
1週間だけ全記録してみ。

自分の金の使い方に
ドン引きするから。

それが第一歩。",家計簿つけてる？リプで教えて,draft,広い市場（全社会人）×言い切り×実践可能
12,お金・投資,逆張り,"「投資は早く始めた方がいい」

これ、半分ウソ。

借金があるのにNISA始めたり、
生活防衛資金ゼロで株買ったり、

順番がバグってる人多すぎ。

正しい順番はこれ。

①生活費3ヶ月分の貯金
②借金・ローン返済
③余剰資金で投資開始

投資は「余裕のある人の遊び」
じゃなくて
「余裕を作ってからやるもの」。

焦って始めると
暴落で狼狽売りして終了。

順番守るだけで
結果が全然違う。",①②③どこまでできてる？,draft,広い市場×逆張り×対立構造（早い派vs順番派）
13,お金・節約,データ型,"年収が同じなのに
片方は貯金500万、
片方は貯金ゼロ。

この差、
たった3つの習慣で説明がつく。

①コンビニに行かない
②サブスク年1で棚卸し
③「買う前に24時間待つ」ルール

地味？

でも①だけで月1〜2万浮く。
年間12〜24万。

10年で120〜240万。

派手な節約術なんていらない。
地味な仕組みを淡々と回すだけ。

お金持ちは「我慢強い」んじゃなくて
「仕組みが強い」。",やってる節約術あったらリプで共有して,draft,データ×具体的×広い市場
14,お金・収入UP,問題提起,"「給料が上がらない」

って嘆く人に聞きたい。

給料以外の収入源、
いくつある？

ゼロだったら
上がらなくて当たり前。

会社は「あなたの頑張り」じゃなく
「ポジションの相場」で給料を決めてる。

だから頑張っても上がらない。

本業 + 副業の2本柱にした瞬間、
心の余裕がバグるほど変わる。

月3万の副業収入があるだけで
「最悪辞めてもいいか」と思える。

この余裕が
本業のパフォーマンスまで上げる。

不思議だけど、事実。",副業やってる人＋やってない人いいねで分かれてみて,draft,広い市場×問題提起×行動喚起
15,転職・キャリア,言い切り,"転職で年収上がらない人、
9割がこれやってない。

「市場価値の把握」

自分の年収が
業界相場より高いのか低いのか、
知らずに交渉する人が多すぎる。

相場より低いなら
転職するだけで上がる。

相場通りなら
スキルを足して相場を変える。

相場より高いなら
今の会社にいるのが正解。

感覚じゃなくてデータで判断しろ。

転職サイト3つ登録して
スカウト年収の中央値を見る。

これが今のあなたの値段。",自分の市場価値知ってる人🙋‍♂️,draft,広い市場（転職検討者）×言い切り×実践可能
16,転職・キャリア,対立構造,"「石の上にも三年」
vs
「合わないなら即辞めろ」

どっちが正解か。

答え: どっちも間違い。

正解は
「辞める理由」の質で決まる。

「なんとなくつまらない」→ 残れ。
どこ行っても同じだから。

「明確にやりたいことがある」→ 辞めろ。
時間は有限だから。

「上司がムカつく」→ 異動を打診しろ。
環境は変えられるから。

辞めるか残るかじゃなくて
「何のために」で判断する。

感情で辞めると
次も感情で辞めることになる。",あなたの転職理由はどれだった？,draft,対立構造×考え方をぶつける×広い市場
17,転職・キャリア,ストーリー型,"20代で3回転職した。

1回目: 逃げ。人間関係が嫌だった。
2回目: 焦り。周りが転職してたから。
3回目: 戦略。明確にスキルを取りに行った。

結果、年収は
1回目: 変わらず
2回目: 下がった
3回目: 1.5倍

3回やってわかったこと。

転職は「逃げ」でも「焦り」でもなく
「取りに行く」時だけ成功する。

何を取りに行くか言えないなら
まだ動くな。",転職で成功した人も失敗した人もリプで聞かせて,draft,ストーリー×実体験風×広い共感
18,転職・キャリア,逆張り,"「やりたいことを仕事にしろ」

この言葉、
真に受けると危険。

やりたいことを仕事にして
潰れた人を何人も見てきた。

好きなことを
他人の要望に合わせて
締切付きでやり続けると
だいたい嫌いになる。

おすすめは逆。

「苦じゃないこと」を仕事にして
「好きなこと」は趣味で守る。

苦じゃない × 需要がある
＝最強のキャリア。

好きを仕事に？
好きを守れ、が正解。",好きを仕事にして後悔した人いる？,draft,逆張り×広い市場×保護的メッセージ
19,習慣・朝活,言い切り,"朝5時起きを1年続けた結論。

人生変わった。
でも目覚ましで変わったんじゃない。

「夜やってたことを朝に移した」
これだけ。

夜のダラダラSNS1時間
→ 朝の集中作業1時間

同じ1時間なのに
生産性が3倍違う。

夜の脳は疲弊してて
判断力がゴミだから。

早起きの本質は
「自分のゴールデンタイムを
SNSじゃなくて自分に使う」こと。

5時じゃなくていい。
今より30分早く起きるだけで十分。",何時起き？リプで教えて,draft,広い市場×実践可能×ハードル下げ
20,習慣・ルーティン,データ型,"「習慣化には21日かかる」

これ、実はウソ。

ロンドン大学の研究だと
平均66日。

つまり約2ヶ月。

3週間で「もう習慣になったはず」
と思って油断する人が多すぎる。

で、4週目にサボって
「やっぱ自分はダメだ」と落ち込む。

違う。まだ途中なだけ。

本当のコツは
「66日間、完璧じゃなくていいから
途切れさせない」こと。

1日サボっても翌日やれば
習慣化の進行はリセットされない。

休んでもいい。
やめなければ勝ち。",今チャレンジ中の習慣をリプで宣言しよう,draft,データ×逆張り（21日説否定）×広い市場
21,習慣・モチベ,共感型,"モチベーションに頼って
行動してる人、全員聞いて。

モチベは来ない日がある。
っていうか、来ない日の方が多い。

「やる気が出たらやろう」
は一生やらないのと同じ。

毎日歯を磨くのに
モチベいる？

いらないでしょ。

習慣ってそういうこと。

やる気ゼロでも手が動く仕組みを作れ。

PCの前に座る → 開く → 5分だけやる

この「5分だけ」が
気づいたら30分になってる。

モチベに頼るな。
仕組みに頼れ。",5分ルール実践してる人いる？,draft,広い共感×実践可能×言い切り
22,AI活用,実践型,"ChatGPTに
「〇〇を教えて」って聞いてる人、

それ、AIの力の10%しか使えてない。

本当に使えるプロンプトは
「教えて」じゃなくて
「壁打ちして」。

例えば、

❌「副業のアイデア教えて」
⭕「自分のスキルは〇〇で、
　使える時間は週5時間。
　3つ提案して、それぞれの
　リスクとリターンを比較して」

AIは「質問の質」で
回答の質が100倍変わる。

具体的な条件を渡して
思考パートナーとして使え。

これだけでAI活用が別次元になる。",使ってるプロンプト術あったらリプで共有して,draft,AI活用×広い市場×実践可能×具体例
23,AI活用,逆張り,"「AIが仕事を奪う」って
ビビってる人に伝えたい。

奪われるのは「仕事」じゃなくて
「作業」。

考える仕事は奪われない。
判断する仕事も奪われない。

奪われるのは
「言われたことをそのままやる」
タイプの作業だけ。

むしろAIのおかげで
「考える仕事」の価値が
爆上がりしてる。

つまりAI時代に最強なのは
「自分の頭で考えられる人」。

これ、昔から変わってない。

AIを怖がるな。
思考停止を怖がれ。",AI時代に身につけたいスキルは？,draft,逆張り×安心感×広い市場（AI不安層）
24,AI活用,具体型,"個人開発者がAIで
開発速度3倍にする方法。

実際にやってること全部書く。

①設計フェーズ
→ AIに要件を説明して
　壁打ちしながらDB設計

②実装フェーズ
→ 1機能ずつAIにコード生成させて
　自分でレビュー＆修正

③テスト
→ テストコードをAIに書かせる
　人間は境界値だけ確認

④ドキュメント
→ コードからREADME自動生成

ポイントは
「全部任せる」じゃなくて
「パーツごとに使い分ける」こと。

AI＝部下だと思え。
丸投げしたら事故る。",実践してる開発×AI術あったら教えて,draft,個人開発×AI×具体的手順
25,AI活用,対立構造,"「AIを使うのはズルい」
vs
「AIを使わないのは怠慢」

この議論、もう決着ついてる。

電卓が出た時も
「暗算できない人間はダメだ」
って言われてた。

Excelが出た時も
「手計算こそ本物」
って言われてた。

全部同じ。

道具を使いこなす人が勝つ。
これは人類の歴史が証明してる。

AIを使わないのは
「俺は電卓使わない」って
言ってるのと同じ。

カッコいいか？

ダサいでしょ。",あなたはどっち派？リプで聞かせて,draft,対立構造×歴史的視点×言い切り
26,AI活用,トレンド型,"2026年、
AIツール使ってない個人開発者は
ガチで絶滅危惧種。

周り見てみ。

Claude Code → コーディング支援
v0 → UI生成
Cursor → AI搭載エディタ
Midjourney → デザイン生成

1人で会社1個分の仕事ができる時代。

「人手が足りない」は
もう言い訳にならない。

「AIの使い方を知らない」が
正直な理由。

今すぐ1つでいいから
ワークフローに組み込んでみ。

1週間後には
「なんで今まで使ってなかったんだ」
ってなる。",最近導入してよかったAIツールは？,draft,トレンド×具体ツール名×緊急性
27,学習法,逆張り,"「インプットが大事」

これ信じて
本を月10冊読んでるのに
何も変わらない人、多くない？

インプットは大事。
でもそれ、アウトプットしないと
ただの自己満。

読んだ本の内容、
1週間後に何%覚えてる？

研究によると、
読むだけ → 10%
人に教える → 90%

つまり最強の学習法は
「学んだことをXで発信する」こと。

読書 → 3行でまとめて投稿

これだけで記憶定着率が9倍。

しかもフォロワーも増える。

一石二鳥すぎるだろ。",最近読んだ本を3行でリプに書いてみて,draft,データ×逆張り×X運用との接続
28,学習法,問題提起,"「勉強の仕方がわからない」

って言う社会人、
めちゃくちゃ多い。

学校では「何を学ぶか」は
教えてくれたけど
「どう学ぶか」は教わってない。

結論から言うと、
社会人の学習は
「課題ドリブン」一択。

今困ってること → 調べる → 試す → 解決

このサイクルだけ回せばいい。

「いつか使うかも」で学ぶな。
「今すぐ必要」だけ学べ。

これだけで学習効率10倍。

体系的に学ぶのは
基礎が固まってからでいい。",社会人になってから学び直したことある？,draft,広い市場（全社会人）×言い切り×実践可能
29,学習法,共感型,"英語、プログラミング、簿記、
資格勉強…

「今年こそは」って
毎年1月に決意して
3月に忘れてる人。

俺です。

で、やっと気づいたこと。

「やる気がある時に始める」
のが間違いだった。

正解は
「やらざるを得ない状況を作る」。

例えば、
・先に試験に申し込む
・SNSで宣言する
・お金を払って講座に入る

退路を断つと人は動く。

意志力に頼るのは
最もコスパの悪い戦略。

環境を変えろ。
自分を変えようとするな。",今年の「今年こそは」何？リプで宣言しよう,draft,広い共感×自虐→気づき×行動喚起
30,人間関係,言い切り,"「コミュ力が高い人」の正体、
知ってる？

話がうまい人じゃない。

「聞くのがうまい人」。

話したい人は世の中に溢れてる。
でも聞いてくれる人は圧倒的に少ない。

だから「ちゃんと聞く人」は
それだけで信頼される。

具体的には3つだけ。

①相手の話を最後まで聞く
②「それでどうなったの？」と深掘る
③自分の話にすり替えない

特に③。

「わかる〜、俺もさ〜」
これやった瞬間、信頼ゲージ急降下。

話すな。聞け。
それだけでモテるし稼げる。",③やりがちな人正直にいいね,draft,広い市場×言い切り×具体的3ステップ
31,人間関係,対立構造,"「人脈は広い方がいい」
vs
「深い関係を少数と」

答え出てます。

ダンバー数って知ってる？

人間が維持できる関係は
約150人が限界。

その中で「親密な関係」は
たった5人。

1000人と名刺交換するより
5人と深く付き合え。

困った時に助けてくれるのは
交流会で会った人じゃなくて
毎週連絡取ってる5人。

人脈自慢する暇があったら
大事な5人にLINE送れ。

広さより深さ。
これガチ。",あなたの大事な5人は誰？,draft,対立構造×データ（ダンバー数）×言い切り
32,人間関係,問題提起,"仕事ができる人が
必ずやってること。

「頼む力」。

全部自分でやろうとする人、
責任感が強いんじゃなくて
ただの自己満。

1人でやれる量には限界がある。

任せる → 空いた時間で
自分にしかできないことをやる。

これができるかどうかで
成果が10倍変わる。

「頼むの申し訳ない」
って思ってる人。

相手は意外と
頼られると嬉しいもんだよ。

抱え込むな。
巻き込め。",頼むの苦手な人いいね,draft,広い市場×問題提起×マインドシフト
33,失敗談,ストーリー型,"個人開発で月10万を目指して
最初に作ったサービス。

3ヶ月かけて、睡眠削って、
「これは絶対来る」と確信してローンチ。

初月の売上: 0円。

ゼロ。

原因は単純だった。

「自分が欲しいもの」を作っただけで
「他人が金を払うもの」を作ってなかった。

ここから学んだこと。

作る前にLPだけ先に作って
反応を見ろ。

申し込みが来てから作れ。

「作ってから売る」は博打。
「売れてから作る」が戦略。",同じ経験ある人いたらリプで教えて,draft,ストーリー×失敗談×個人開発×教訓
34,失敗談,共感→教訓,"「最初の1円」を稼ぐまでに
かかった時間。

8ヶ月。

ブログ書いて、SNS発信して、
noteも出して。

8ヶ月で1円。

「向いてないのかも」
と何度も思った。

でも今思うと、
この8ヶ月は「無駄」じゃなくて
「助走」だった。

最初の1円が来てから
10万になるまでは3ヶ月だった。

つまり「ゼロ→1」が一番重い。
「1→100」は意外と軽い。

今ゼロで苦しんでる人。

あなたは助走中なだけ。
滑走路の終わりは近い。",最初の1円エピソード聞かせて,draft,共感×ストーリー×希望×広い市場
35,失敗談,逆張り,"成功者の話って
正直あんまり参考にならない。

だって再現性がないから。

「朝4時に起きてランニングして
　瞑想して日記書いて…」

それができる人は
もう成功してる側の人間。

参考にすべきは
「失敗から這い上がった話」。

何をやって失敗したか。
なぜ失敗したか。
どう軌道修正したか。

成功パターンは千差万別だけど
失敗パターンは驚くほど共通してる。

成功者の真似をするな。
失敗者の轍を避けろ。

これの方が100倍再現性高い。",最大の失敗から学んだこと教えて,draft,逆張り×言い切り×広い市場
36,SaaS深掘り,実践型,"個人SaaSの価格設定、
9割の人が安くしすぎてる。

「月500円なら誰でも払うでしょ」

この発想が一番危険。

月500円 × 100人 = 月5万。

100人集めて月5万。
サポートコスト考えたら赤字。

月3,000円 × 30人 = 月9万。

30人なら手が届くし
サポートも丁寧にできる。

安い＝売れるは幻想。

安いと「このサービス大丈夫？」
と逆に不安にさせる。

適正価格は
「この問題が解決するなら
いくら払う？」で決めろ。

自分の感覚で決めるな。
顧客の悩みの深さで決めろ。",自分のサービスの価格悩んでる人いる？,draft,SaaS×具体数字×言い切り×逆張り
37,SaaS深掘り,データ型,"SaaSの解約率（チャーン）、
月5%と月2%で
1年後どれだけ差がつくか。

月5%: 100人 → 54人（46人消滅）
月2%: 100人 → 79人（21人残留UP）

たった3%の差で
年間25人分の差。

新規100人集めるより
解約を3%下げる方が
圧倒的にコスパがいい。

解約率を下げる最強の方法？

オンボーディングを手厚くすること。

最初の7日間で価値を実感させれば
人は離れない。

新規獲得に目がいきがちだけど
バケツの穴を塞ぐのが先。",チャーン対策で効果あったことある？,draft,SaaS×データ×具体的×経営目線
38,SaaS深掘り,問題提起,"個人SaaSで失敗する人の
共通パターンがある。

「機能を増やしすぎる」。

ユーザーから要望が来る。
嬉しくて全部実装する。

気づいたら
何でもできるけど
何が強みかわからないツールの完成。

これ、死亡フラグ。

SaaSの鉄則は
「1つの課題を、誰よりも深く解決する」。

機能10個の平凡なツールより
機能1個の最強ツール。

要望の9割は「No」でいい。

残り1割の「これは核心だ」だけ拾え。

引き算ができるプロダクトが勝つ。",機能追加しすぎて後悔したことある人🙋‍♂️,draft,SaaS×問題提起×言い切り×プロダクト論
39,X運用,実践型,"Xのアルゴリズム、
2026年で一番重要な数字教える。

「6時間」。

投稿してから6時間で
可視性スコアが半分になる。

つまり投稿直後の2〜3時間が全て。

この時間にやるべきこと:

①来たリプに即返信（スコア爆増）
②自分から他のポストにリプしに行く
③引用RTでさらに露出を増やす

投稿して放置？
それ、半分捨ててるのと同じ。

投稿は「公開」がゴールじゃない。
「公開後2時間の行動」がゴール。

ポスト作成50%
ポスト後のアクション50%

この比率を覚えとけ。",投稿後のルーティンある人教えて,draft,X運用×アルゴリズム×具体アクション×データ
40,X運用,メタ型,"フォロワー1万人いるのに
全然稼げてない人、結構いる。

一方で、
フォロワー500人で
月30万売り上げてる人もいる。

この差は「フォロワーの質」。

「なんとなくフォローした1万人」
vs
「この人の発信が好きでフォローした500人」

後者の方が圧倒的に強い。

2026年のXアルゴリズムも
フォロワー数よりエンゲージメント品質を
重視するようになってる。

数を追うな。
「この人のポストは毎回読む」
と思われる発信をしろ。

100人の熱狂的ファンは
1万人のフォロワーに勝つ。",フォロワー数と売上は比例する？しない？,draft,X運用×逆張り×アルゴリズム連動×議論誘発
41,X運用2026,実践型,"2026年のX、
ハッシュタグ戦略が完全に変わった。

結論: つけるな。

正確に言うと、
3個以上つけた瞬間
エンゲージメントが下がる。

2025年まで: 「関連タグ全部つけろ」
2026年: 「1〜2個、もしくはゼロ」

なぜか？

Grok AIが投稿の中身を読んで
自動で適切な層に届けてくれるから。

ハッシュタグで無理やり
リーチを広げる必要がなくなった。

むしろタグだらけの投稿は
「宣伝くさい」と判定されて
スコアが下がる。

タグに頼るな。
中身で勝負しろ。",まだハッシュタグ5個つけてた人🙋‍♂️,draft,X運用2026×アルゴリズム×逆張り
42,X運用2026,データ型,"2026年のXアルゴリズム、
最強のアクションは「RT」。

スコア倍率がエグい。

RT: 20倍
引用ポスト: 15倍
リプ: 普通

つまり「RTしたくなる投稿」を
設計できるかどうかが全て。

RTされる投稿の共通点:

①「あとで読み返したい」情報量
②「これ俺のフォロワーにも見せたい」共感
③「これ言いたかった」代弁

この3つのどれかを満たせ。

「いい投稿」と「RTされる投稿」は
実は全然違う。

いい投稿 = いいね
RTされる投稿 = 保存&拡散

設計しろ。感覚で書くな。",自分の直近のポストでRT多かったやつ教えて,draft,X運用2026×アルゴリズムデータ×実践型
43,X運用2026,言い切り,"Xで動画がまだ伸びてない人、
2026年最大のチャンスを逃してる。

動画コンテンツ、前年比29%成長。
しかもまだやってる人が少ない。

テキスト投稿 → 激戦区
動画投稿 → ブルーオーシャン

60秒以内でOK。
スマホで撮ってそのままでOK。

顔出し不要。
画面収録 + 音声だけでも十分。

「自分、文章の方が得意なんで」

わかる。俺もそう。

でも得意なことだけやってたら
伸びるものも伸びない。

苦手な1本が
テキスト100本分の破壊力を持つ。

まず1本だけ試してみ。",動画投稿やってる？やってない？,draft,X運用2026×動画トレンド×ブルーオーシャン
44,X運用2026,実践型,"Xのスレッド投稿、
2026年で最強のコンテンツ形式。

理由はシンプルで、
「クリックして読み進める」という
ユーザーアクションが
アルゴリズムに超高評価される。

しかもスレッドは
1投稿目がフックになるから
タイムラインで目を止めやすい。

勝てるスレッドの構成:

1投稿目: 結論 or 衝撃の事実
2〜4投稿目: 具体例・根拠
最終投稿: まとめ + CTA

やりがちなミス:

1投稿目を「前置き」にすること。

「今日はXXについて語ります」

これ、誰も2投稿目まで読まない。

1投稿目で心を掴め。
そこが全ての勝負。",スレッド投稿の成功例あったら教えて,draft,X運用2026×スレッド×アルゴリズム×具体構成
45,X運用2026,メタ型,"2026年のX、
「投稿する時間」より
「投稿後の行動」が大事になった。

Grok AIの時間減衰:
6時間でスコア半減。

つまり投稿後2〜3時間が勝負。

やるべきこと:

①リプに秒で返す（スコア加速）
②同じジャンルの人のポストにリプ
③自分のポストを引用RTで補足

やっちゃダメなこと:

投稿して寝る。

これ、最悪。
朝起きた頃にはスコアゼロ。

つまり「投稿時間」は
「自分が2時間アクティブでいられる時間」
で選ぶのが正解。

ゴールデンタイムに投稿して放置
より
自分のベストタイムに投稿して全力対応。",投稿後のルーティン教えて,draft,X運用2026×時間減衰×具体アクション
46,X副業,言い切り,"Xで副業する方法、
2026年版の正解を教える。

「フォロワー増やして広告収入」

これ、もう古い。

2026年の王道:

①発信でファンを作る
②無料で価値を出しまくる
③有料コンテンツをDMで案内

広告収入に頼ると
フォロワー数に依存する。

でもDM経由の商品販売なら
フォロワー500人でも
月10万いける。

100人の熱狂的ファン × 単価1万
= 月で100万のポテンシャル。

数を追うな。
濃さを追え。

これが2026年のX副業の最適解。",X副業やってる人いたら月いくらか教えて,draft,X副業×2026最新×マネタイズ戦略
47,X副業,ストーリー型,"Xを始めて3ヶ月。
フォロワー300人の時点で
初めての収益が出た。

やったことはシンプル。

①毎日1ポスト（ジャンル固定）
②リプを丁寧に返す
③3ヶ月目にnote記事を出した

noteの内容は
「自分が3ヶ月で試したこと全部」。

価格は980円。
初日で15部売れた。

フォロワー300人で14,700円。

これ、広告収入じゃ絶対無理な数字。

自分の経験を
コンテンツにして売る。

特別なスキルは要らない。
「実体験」が最強の商品。",最初の収益いくらだった？エピソード聞かせて,draft,X副業×ストーリー×少フォロワーでも可
48,X副業,実践型,"Xで売れるコンテンツ、
2026年のトップ5。

①テンプレート系
「そのまま使えるDM営業文テンプレ5選」

②失敗談まとめ系
「月0円→10万円で失敗した全記録」

③チェックリスト系
「副業を始める前の確認リスト30項目」

④ロードマップ系
「未経験→月5万までの完全ステップ」

⑤ツール比較系
「AI系ツール20個使って本当に良かった5個」

共通点わかる？

全部「時間の節約」を売ってる。

人は情報に金を払うんじゃない。
「調べる手間」に金を払う。

これ覚えとくと
売れるコンテンツが量産できる。",どれが気になる？番号でリプして,draft,X副業×コンテンツ販売×具体例×リプ誘導
49,X副業,逆張り,"「Xで稼ぐにはまず1万フォロワー」

これ、2026年最大のウソ。

フォロワー200人で
月5万稼いでる人を3人知ってる。

全員の共通点:

①ジャンルが超ニッチ
②フォロワーとDMで会話してる
③無料→有料の導線が明確

逆にフォロワー5万で
月収ゼロの人も知ってる。

違いは「フォロワーとの距離」。

1万人に薄く届けるより
200人に深く届ける方が
圧倒的にマネタイズしやすい。

Xアルゴリズムも
エンゲージメント品質重視に変わった。

数の時代は終わった。
深さの時代が来てる。",少フォロワーで稼げてる人いたら手法教えて,draft,X副業×逆張り×少数精鋭×アルゴリズム連動
50,X副業,対立構造,"「匿名アカウントで稼ぐ」
vs
「実名・顔出しで信頼を取る」

2026年の正解は？

結論: 匿名で十分。

ただし条件がある。

匿名で稼げる人:
・発信の一貫性がある
・ポストの質で信頼を取ってる
・DMの対応が丁寧

匿名で稼げない人:
・ジャンルがコロコロ変わる
・ポストが薄い
・フォロワーと絡まない

要するに顔出しも実名も
「信頼を取る手段」でしかない。

信頼は「中身の一貫性」で取れる。

顔出しはショートカットであって
必須条件じゃない。

副業バレが怖い人も
匿名で全然戦える。",匿名派？実名派？リプで教えて,draft,X副業×対立構造×匿名OK×安心感
51,X副業,問題提起,"X副業で一番もったいない人。

「いい発信してるのに
マネタイズの導線がない人」。

これ、めちゃくちゃ多い。

毎日投稿してる。
いいねもリプもついてる。
でも1円にもなってない。

なぜか。

「で、何を買えばいいの？」
が読者に伝わってないから。

プロフィールに導線はある？
固定ポストで商品紹介してる？
定期的にCTA入れてる？

「売り込みたくない」気持ちはわかる。

でも価値を受け取った人は
「お金払いたい」と思ってる。

その受け皿がないのは
相手に対しても失礼。

導線を作れ。
それは売り込みじゃなくて親切。",マネタイズの導線ある？ない人は正直にいいね,draft,X副業×問題提起×導線設計×マインドシフト
52,X運用2026,具体型,"2026年のXプロフィール、
これだけ押さえろ。

① 名前
→ 名前 ＠ 肩書き（検索に引っかかる）

② アイコン
→ 覚えやすさが全て。色を強くしろ

③ ヘッダー
→ 「何者か」を1秒で伝える

④ 自己紹介
→ 1行目: 実績 or 数字
→ 2行目: 誰に何を発信してるか
→ 3行目: CTA（リンクor固定ポストへ）

⑤ 固定ポスト
→ 一番バズった投稿 or 商品導線

プロフィールは「お店の看板」。

どんなに良いポストしても
プロフィールがダメだと
フォローされない。

今すぐ自分のプロフ見直してみ。",プロフ改善したらフォロー率どう変わった？,draft,X運用2026×プロフィール最適化×チェックリスト
53,X副業,データ型,"X副業の収益モデル、
2026年版を数字で見せる。

【広告収入モデル】
フォロワー1万人 × RPM ¥200
= 月2万円（天井低い）

【コンテンツ販売モデル】
フォロワー500人
→ 見込み客50人（10%）
→ 購入者5人（10%）
→ 単価5,000円
= 月25,000円

【コンサル・サービスモデル】
フォロワー300人
→ DM相談10人
→ 成約2人
→ 単価30,000円
= 月60,000円

数字を見れば明らか。

フォロワー少なくても
単価を上げれば勝てる。

広告収入はおまけ。
本命は自分の商品。",どのモデルが気になる？番号でリプして,draft,X副業×収益モデル比較×データ×具体数字
54,X運用2026,言い切り,"2026年のXで一番伸びてるアカウント、
全員やってることがある。

「個人アカウント × プロダクト」
の二刀流。

個人で「考え」を発信
プロダクトで「価値」を提供

この2つが相乗効果を生む。

個人の発信がバズる
→ プロフからプロダクトへ流入
→ プロダクトの良さが口コミに
→ さらに個人の信頼UP

このループが最強。

プロダクトだけ宣伝しても伸びない。
個人だけ発信しても稼げない。

両方やれ。

「中の人」が見えるプロダクトは
2026年、圧倒的に強い。",個人×プロダクトの二刀流やってる人いる？,draft,X運用2026×二刀流戦略×SaaS連携
55,X副業,実践型,"Xで副業始めたい人に
最初の30日間のロードマップ渡す。

【1〜7日目】
・ジャンルを1つに絞る
・プロフィール完成させる
・競合アカウント10個リサーチ

【8〜14日目】
・毎日1ポスト（テキスト）
・同ジャンルの人に毎日5リプ
・反応の良いネタを分析

【15〜21日目】
・スレッド投稿を週2回試す
・フォロワーのTL見てネタ収集
・無料コンテンツ1つ作る（note等）

【22〜30日目】
・有料コンテンツの告知
・DM営業を3人に試す
・振り返り＆改善

これで月1万の下地はできる。

完璧じゃなくていいから
まず30日回してみろ。",何日目から始める？宣言してみて,draft,X副業×ロードマップ×初心者向け×行動喚起
56,X副業,共感型,"X副業の最大の敵は
競合でもアルゴリズムでもない。

「比較」。

始めて1ヶ月。
フォロワー50人。
いいね3個。

隣を見たら
同時期に始めた人がもう500人。

「才能ないのかな…」

これ、全員通る道。

でもその500人の裏側は見えてない。
実は2回目のアカウントかもしれない。
広告かけてるかもしれない。
相互フォロー大会してるかもしれない。

他人の表面と
自分の裏側を比べるな。

昨日の自分より1ポスト多く書けたら
それが成長。

比較の相手は過去の自分だけでいい。",始めた頃の辛かったエピソード聞かせて,draft,X副業×共感×メンタル×初心者応援
57,X運用2026,逆張り,"「毎日投稿しないとダメ」

2026年、これ完全に古い。

アルゴリズムが見てるのは
「投稿頻度」じゃなくて
「投稿あたりのエンゲージメント」。

毎日薄い投稿を出すより
週3回の濃い投稿の方が
アカウント評価は上がる。

Grokは投稿の「質」を読める。

毎日投稿のデメリット:
・ネタが枯渇する
・質が下がる
・「また同じような投稿か」と飽きられる

週3〜5回の高品質投稿
+ 毎日のリプ活動

これが2026年の最適解。

量より質。
投稿数より反応数。

無理して毎日出すな。
刺さる1本に集中しろ。",毎日派？週3派？どっちが伸びた？,draft,X運用2026×逆張り（毎日投稿否定）×アルゴリズム
58,X副業,メタ型,"X副業で月10万超えてる人の
共通点を5つ見つけた。

①ジャンルが「狭くて深い」
→ 「副業」じゃなく「Xで月5万」レベルの特化

②ポストに「自分の体験」が入ってる
→ 誰でも書ける一般論は差別化できない

③DM対応が異常に丁寧
→ ここで信頼を勝ち取って成約

④「無料で出し惜しみしない」
→ 無料で信頼→有料で深掘りの構造

⑤投稿時間を固定してる
→ フォロワーが「この時間にチェック」する習慣化

逆に稼げない人は
この5つの逆をやってる。

広くて浅い、一般論、DM雑、出し惜しみ、不定期投稿。

チェックリストにして
自分のアカウント点検してみて。",5つのうちいくつ当てはまる？,draft,X副業×成功パターン×チェックリスト×リプ誘導
59,X運用2026,トレンド型,"2026年のXで注目すべき機能。

①Xプレミアム
→ 長文投稿・収益化・分析ツールが使える
→ 副業勢は投資と割り切れ

②コミュニティ機能
→ ジャンル特化のグループ運営
→ ここが次のマネタイズの場

③スペース（音声）
→ テキストじゃ伝わらない熱量
→ 週1の定期開催でファン作り

④Grok統合
→ AIがポストの質を評価
→ 「中身のある投稿」が優遇される時代

⑤動画優遇
→ ショート動画のリーチが異常に高い
→ テキスト勢も月1本は試すべき

全部使いこなせとは言わない。

この中から1つだけ選んで
今月中に試してみ。

先行者利益は確実にある。",どの機能が気になる？番号でリプして,draft,X運用2026×新機能×トレンド×リプ誘導
60,X副業,言い切り,"X副業の最終兵器教える。

「固定ポスト × プロフ導線 × DM」

この三角形が揃った瞬間、
自動で売上が立ち始める。

①固定ポスト
→ 自分の一番の実績 or 無料プレゼント
→ プロフを見た人が必ず目にする

②プロフ導線
→ 自己紹介の最後に
「〇〇を無料配布中→固定ポスト」

③DM
→ 固定ポストに反応した人に
「他にもこんなのありますよ」と案内

これ、フォロワー100人でも機能する。

ポイントは「売り込まない」こと。

価値を渡す → 興味を持たれる → 案内する

この順番を絶対に崩すな。

押し売りは死亡。
引き寄せが正義。",この導線すでに組んでる人いる？,draft,X副業×マネタイズ導線×具体的仕組み×言い切り
61,副業・収益化,言い切り,"副業で失敗する人の共通点、
たった1つだけ教える。

「完璧に準備してから始めようとする」

これ。

ブログなら100記事書く計画を立てる。
物販なら仕入れ先を10個比較する。
プログラミングなら資格を取ろうとする。

全部、始めてない。

稼いでる人に聞くと
全員こう言う。

「とりあえずやってみた」

準備は3割でいい。
残りは走りながら覚える。

スタートラインに
立ってない人に
ゴールは永遠に来ない。

今日、何か1つだけ始めろ。",今日何始める？リプで宣言して,draft,副業×言い切り×行動喚起
62,副業・収益化,データ型,"副業の平均月収、知ってる？

月1万未満: 36%
月1〜5万: 26%
月5〜10万: 15%
月10万以上: 23%

つまり6割以上が月5万未満。

でもこのデータの裏側がある。

月10万以上の人の
平均継続期間は「2年以上」。

月1万未満の人の
平均継続期間は「6ヶ月未満」。

つまり稼げてない人は
単純に「まだ途中」なだけ。

辞めなかった人だけが
月10万の世界にたどり着く。

半年で結果出なくて当たり前。
2年は続けろ。

データが証明してる。",副業何ヶ月目？教えて,draft,副業×データ×継続の重要性
63,副業・収益化,対立構造,"「好きなことで副業しろ」
vs
「需要があることで副業しろ」

これ、答えは明確。

最初は「需要」一択。

好きなことで稼げるのは
「好き × スキル × 需要」が
3つ揃った時だけ。

初心者が最初から3つ揃えるのは無理。

まず「需要」で始めて
スキルを身につけて
その中で好きを見つける。

この順番が最短ルート。

「好きなことで稼ぐ」は
ゴールであってスタートじゃない。

最初の1円は
好きじゃなくても
需要があるところで稼げ。",好き派？需要派？どっちで始めた？,draft,副業×対立構造×現実的アドバイス
64,副業・収益化,実践型,"副業の種類、多すぎて迷う人へ。

2026年、初心者に最もおすすめの
副業を3つに絞った。

①Xアフィリエイト
→ 初期費用ゼロ。発信力がそのまま収益に。
→ 月3〜10万が現実的ライン。

②デジタルコンテンツ販売
→ note、Brain、Tipsで自分の経験を売る。
→ 1本5000円×月10本＝5万。

③AIを使ったWeb制作受注
→ AIで制作スピード3倍。
→ 1案件5〜15万。月2件で十分。

共通点は「在庫なし・低リスク・スキルが資産になる」。

物販やせどりは
初心者にはリスクが高すぎる。

まずはこの3つから1つ選んで
今月中に最初の1歩を踏み出せ。",どれが気になる？番号で教えて,draft,副業×実践型×初心者向け×選択肢提示
65,副業・収益化,逆張り,"「副業禁止の会社だから無理」

これ、2026年で一番もったいない言い訳。

まず確認してほしい。

就業規則の「副業禁止」、
本当に全面禁止？

実は多くの会社が
「届出制」に変わってる。

それでもダメなら
「副業」じゃなく「学習」として始めればいい。

ブログ → アウトプット学習
X発信 → 情報整理の練習
プログラミング → スキルアップ

収益化は後からでいい。
まず「発信する筋肉」を鍛えておく。

副業禁止は
「稼ぐな」じゃなくて
「本業に支障を出すな」が本質。

本業に支障なく
スキルを磨く方法はいくらでもある。

言い訳を捨てろ。",副業禁止の会社にいる人いる？,draft,副業×逆張り×言い訳潰し×広い市場
66,副業・収益化,ストーリー型,"副業で月5万→30万に
スケールした時の転機。

月5万で安定してた時、
正直「このままでいいか」と思ってた。

でもある日気づいた。

「自分の時間を売ってる限り
収入に天井がある」と。

時給5000円 × 月10時間 = 5万円。
これ以上は物理的に無理。

そこから「仕組み化」に切り替えた。

①自分のノウハウをnoteにまとめた
②購入者向けのコミュニティを作った
③月額制にした

月5万の労働収入
→ 月30万のストック収入

「自分が寝てても入る収入」を作れ。

時間の切り売りから卒業した瞬間、
世界が変わる。",時間の切り売りから抜けた経験ある？,draft,副業×ストーリー×スケール×仕組み化
67,副業・収益化,問題提起,"副業で月1万稼ぐのと
月10万稼ぐの、

実は難易度がほとんど変わらない。

「え？」って思うでしょ。

でもマジ。

月1万: 1つの方法で1つの収入源
月10万: 1つの方法で複数の収入源

やることは同じ。
「展開」するだけ。

noteで月1万稼いだなら、
同じノウハウをBrainでも出す。
Tipsでも出す。
Xで要約版を発信する。

1つのコンテンツを
5つの場所で売る。

作る労力は同じ。
売る場所を増やすだけ。

月1万で止まってる人、
展開してないだけ。",月1万から伸び悩んでる人いる？,draft,副業×問題提起×スケール法×具体的
68,副業・収益化,共感型,"副業始めて最初の3ヶ月、
誰にも言えなかった。

家族にも友達にも。

「副業やってるんだ」って言ったら
「へー、いくら稼いでるの？」
って絶対聞かれる。

答え: ゼロ円。

これが恥ずかしくて言えなかった。

でも今思うと、
あのゼロ円の3ヶ月がなかったら
今の収入はない。

みんな結果が出てから
「実は副業やってて」って言う。

でも本当にキツいのは
結果が出る前の孤独な期間。

今ゼロで孤独に頑張ってる人。

それ、全員通る道だから。
大丈夫。",ゼロ円時代のエピソード教えて,draft,副業×共感×孤独×応援
69,お金・投資,言い切り,"NISAやってない人、
2026年で一番損してる。

非課税で投資できる制度を
使わない理由がわからない。

「難しそう」→ ネット証券で10分で開設
「損しそう」→ インデックスなら長期で負けにくい
「お金ない」→ 月1000円から始められる

全部言い訳。

年間360万円分の非課税枠。
使わなかったら永遠にゼロ。

20年後に
「あの時始めてれば…」
と後悔する未来が見える。

今すぐ口座開設しろ。
最初は月1000円でいい。

「始める」と「始めない」の差は
20年後に数百万の差になる。",NISA始めてる？まだの人は正直にリプ,draft,お金×言い切り×広い市場×緊急性
70,お金・投資,データ型,"複利の力、
数字で見せたらビビるよ。

月3万円を年利5%で積み立てた場合:

10年後: 466万円（元本360万）
20年後: 1233万円（元本720万）
30年後: 2497万円（元本1080万）

30年で元本の2.3倍。

差額の1417万円は
「何もしなくても増えた分」。

これが複利。

ポイントは「時間」。

同じ月3万でも
25歳で始めた人と
35歳で始めた人で
60歳時点の差は1264万円。

10年早く始めるだけで
1264万円の差。

最強の投資戦略は
「今すぐ始めて、やめないこと」。

シンプルだけど
これ以上の正解はない。",いつから積立始めた？リプで教えて,draft,お金×データ×複利×広い市場
71,お金・節約,逆張り,"「ラテマネーを削れ」

この節約術、半分間違い。

毎日のコーヒー400円を削って
月12000円の節約。

でもそれで仕事のパフォーマンスが
下がったら本末転倒。

本当に削るべきは
「惰性で払い続けてるもの」。

使ってないサブスク: 月5000円
なんとなく入ってる保険: 月10000円
使わないジム会員: 月8000円

合計: 月23000円。年間27.6万円。

ラテより先にこっち削れ。

「毎日使うもの」は残せ。
「月1回も使わないもの」を切れ。

我慢の節約は続かない。
仕組みの節約は一生続く。",惰性で払い続けてるものある？,draft,お金×逆張り×具体的×広い市場
72,お金・マインド,問題提起,"お金持ちと貧乏人の
一番の違いを教える。

収入じゃない。
支出でもない。

「お金の話をするかどうか」。

日本人はお金の話を避けすぎ。

「お金の話ははしたない」
「年収聞くのは失礼」
「投資は怖い」

この空気のせいで
金融リテラシーが育たない。

お金持ちは普通にお金の話をする。
税金の話をする。投資の話をする。

知識がある人のところに
お金は集まるようにできてる。

「お金の話ははしたない」
という思い込みが
あなたを貧乏にしてる。

今日から1人でいいから
お金の話をしてみて。",お金の話、リアルでしてる？,draft,お金×問題提起×マインドシフト×広い市場
73,お金・節約,実践型,"今日からできる
「お金が貯まる5つの自動化」。

①給料日に自動で別口座に天引き
→ 見えないお金は使わない

②固定費をクレカ1枚に集約
→ 毎月の支出が一目でわかる

③サブスクをスプレッドシートで管理
→ 年1回の棚卸しを忘れない

④買い物はカートに入れて24時間放置
→ 衝動買いが激減する

⑤ポイントは自動で投資に回す
→ チリツモで年間数万になる

共通点は「意志力に頼らない」こと。

我慢できる人が貯まるんじゃない。
仕組みを作った人が貯まる。

5つのうち1つでいいから
今日セットしてみて。",いくつやってる？番号で教えて,draft,お金×実践型×自動化×リプ誘導
74,お金・投資,対立構造,"「個別株で一発当てる」
vs
「インデックスでコツコツ」

初心者が選ぶべき答えは1つ。

インデックス一択。

理由はシンプル。

プロのファンドマネージャーの
8割がインデックスに負けてる。

プロが負けるゲームに
素人が勝てるわけない。

個別株で勝ってる人は
「運が良かった」か
「それが本業」の人だけ。

副業や本業がある人は
投資に時間を使うべきじゃない。

月3万をS&P500に自動積立。
あとは20年放置。

これ以上の戦略はない。

考える暇があったら
本業と副業のスキルを磨け。",個別株派？インデックス派？,draft,お金×対立構造×初心者向け×言い切り
75,お金・マインド,ストーリー型,"年収が上がるたびに
生活レベルを上げてた時期がある。

年収300万: ワンルーム、自炊
年収500万: 1LDK、外食増加
年収700万: タワマン、ブランド物

結果: 貯金ゼロ。

年収は2.3倍になったのに
貯金は増えてない。

これが「ライフスタイルインフレ」。

収入が増えた分だけ支出も増える
最悪の病気。

治療法は1つ。

「年収が上がっても
生活レベルを1段階だけ上げる」

年収300万の生活費で
年収500万を過ごす。

差額200万が全部貯まる。

派手な生活は
金持ちになってからでいい。",ライフスタイルインフレ経験ある人🙋‍♂️,draft,お金×ストーリー×共感×広い市場
76,お金・マインド,共感型,"「お金がない」が口癖の人、
実はお金がないんじゃなくて
お金の「優先順位」がないだけ。

スタバは毎日行く。
サブスクは5個入ってる。
新しいiPhoneは発売日に買う。

でも「本を買うお金がない」
「投資するお金がない」。

矛盾してない？

お金は「ある」。
使い方の優先順位が
「消費 > 投資」になってるだけ。

月5000円だけでいい。
消費を投資に回してみ。

本1冊: 1500円
オンライン講座: 2000円
NISA積立: 1000円
残り: 500円

この5000円が
1年後の自分を別人にする。",月いくら自己投資してる？,draft,お金×共感×マインドシフト×広い市場
77,転職・キャリア,実践型,"年収交渉で100万上げた方法。

転職面接の最後に
「ご希望年収は？」と聞かれた。

ほとんどの人が
「現年収+α」で答える。

これ、最悪の手。

正解は
「御社の同ポジションの
上位レンジを希望します」。

根拠は3つ用意する。

①自分のスキルの市場価値（データ）
②前職での具体的な成果（数字）
③入社後に出せる価値（提案）

交渉は「もらう」じゃなく
「提供する価値の対価」として話す。

受け身の交渉は負ける。
提案型の交渉は通る。

100万の差は
30分の交渉で決まる。",年収交渉した経験ある？,draft,キャリア×実践型×年収交渉×具体的
78,転職・キャリア,言い切り,"2026年、最強のキャリア戦略は
「スキルの掛け算」。

プログラミングができる人 → 大量にいる
マーケティングができる人 → 大量にいる

プログラミング × マーケティング
→ ほとんどいない。

1つのスキルで上位1%を目指すより
2つのスキルで上位10%ずつ取る方が
圧倒的に簡単。

10% × 10% = 上位1%

しかも掛け算スキルは
AIに代替されにくい。

AIは単一タスクに強いけど
領域をまたいだ判断は人間の方が上。

専門性を深掘りするのもいいけど
「もう1つの軸」を持つ方が
キャリアの保険になる。",あなたの掛け算スキルは何？,draft,キャリア×言い切り×スキル戦略×AI時代
79,転職・キャリア,データ型,"リモートワークの現実、
2026年のデータ。

フルリモート可能な求人: 前年比15%増
リモートワーカーの平均年収: オフィスワーカーより12%高い
リモートの離職率: オフィスの半分

つまりリモートの方が
年収高くて辞めにくい。

「リモートは楽してる」
って偏見、まだある？

データが全否定してる。

ただし注意点も。

リモートで成果出せるのは
「自己管理ができる人」だけ。

家でダラダラする人は
オフィスにいた方がいい。

リモートは「自由」じゃなくて
「自律」が求められる環境。

自律できる人にとっては最強の働き方。",リモート派？オフィス派？理由も教えて,draft,キャリア×データ×リモートワーク×広い市場
80,転職・キャリア,逆張り,"「35歳転職限界説」

2026年、完全に死んだ。

40代で転職成功する人が
前年比30%増えてる。

理由は2つ。

①人手不足が深刻すぎて
年齢で切ってる余裕がない

②経験値の価値が再評価されてる
AIでは代替できない「判断力」

ただし40代転職で成功する人は
「経験の棚卸し」ができてる人。

「20年やってきました」じゃダメ。

「この経験で御社のこの課題を解決できます」
と具体的に言える人。

年齢はハンデじゃなくて武器。
武器の使い方を知ってるかどうか。",35歳以上で転職した人いる？,draft,キャリア×逆張り×年齢×広い市場
81,転職・キャリア,問題提起,"面接で「御社の理念に共感して」
って言ってる人、
全員落ちてる可能性高い。

面接官は毎日聞いてる。
「またこのパターンか」って。

刺さる志望動機は
「御社の〇〇という課題に対して
私の〇〇という経験で貢献できる」。

つまり「自分が何をもらえるか」
じゃなくて
「自分が何を与えられるか」。

Give firstの人は面接で無双する。

事前に企業のIR、プレスリリース、
社員のXを調べて
課題を特定しろ。

準備量 = 本気度。
面接官はそこを見てる。",面接で失敗したエピソードある？,draft,キャリア×問題提起×面接×実践的
82,転職・キャリア,対立構造,"「大企業で安定」
vs
「スタートアップで成長」

2026年の正解。

結論: どっちでもいい。
重要なのは「何を得たいか」。

大企業で得られるもの:
・仕組み化の知見
・大規模プロジェクト経験
・人脈とブランド

スタートアップで得られるもの:
・意思決定の速さ
・何でもやる力
・ストックオプション

キャリアの正解は1つじゃない。

ただし1つだけ言えること。

「安定」を求めて大企業にいるなら
それは幻想。

大企業も普通にリストラする。

安定は会社にはない。
自分のスキルにしかない。",大企業派？スタートアップ派？理由も聞かせて,draft,キャリア×対立構造×安定幻想×広い市場
83,転職・キャリア,共感型,"「やりたいことがわからない」

これ、社会人の8割が思ってる。

安心してほしい。
「やりたいことがある人」の方が少数派。

しかもやりたいことがある人の半分は
実際にやってみたら
「思ってたのと違った」ってなる。

つまり最初から正解を
引く必要はない。

やり方はシンプル。

①興味あることを小さく試す
②合わなかったらすぐ次へ
③「苦じゃなかったこと」を深掘る

「やりたいこと」は
探すものじゃなくて
やってるうちに見つかるもの。

机の上で考えても答えは出ない。
手を動かせ。",やりたいこと見つかった瞬間ってどんな時だった？,draft,キャリア×共感×やりたいこと探し×広い市場
84,転職・キャリア,ストーリー型,"キャリアの「掘り」を作った話。

3年前、自分の市場価値を調べて愕然とした。
同じスキルの人が1万人いた。

「このままじゃ埋もれる」

そこからやったこと:

①本業のスキル（開発）を磨きつつ
②副業でマーケティングを学んだ
③その経験をXで発信した

1年後、
「開発もマーケもわかる人」として
スカウトが3倍に増えた。

しかも年収提示が
以前より200万高い。

キャリアの掘りとは
「代替されにくいポジション」のこと。

1つの深い穴より
2つの穴をつなぐトンネルを掘れ。

それが最強のキャリア防御。",自分のキャリアの掘りは何？,draft,キャリア×ストーリー×差別化×具体的
85,AI活用,実践型,"AIを使いこなしてる人と
使えてない人の決定的な差。

「AIに何をやらせるか」を
言語化できるかどうか。

使えてない人:
「AIすごいらしいけど何に使うの？」

使えてる人:
「この作業をAIに任せたら
30分が5分になる」

コツは自分の1日を振り返って
「繰り返してる作業」を洗い出すこと。

メール返信の下書き → AI
議事録のまとめ → AI
データの整理 → AI
リサーチの初期段階 → AI

「考える仕事」は自分。
「作業」はAI。

この振り分けができた瞬間、
1日が実質2日分になる。",AIに任せてる作業教えて,draft,AI×実践型×具体的×広い市場
86,AI活用,逆張り,"「AIの回答は信用できない」

これ言ってる人、
使い方が間違ってる。

AIに「答え」を求めるから
ハルシネーションに振り回される。

正しい使い方は
「壁打ち相手」として使うこと。

答えじゃなくて
「考える材料」をもらう。

自分: 「こういう仮説があるんだけど」
AI: 「その仮説の弱点は〇〇」
自分: 「じゃあこう修正したら？」
AI: 「その方が筋が通る」

最終判断は常に自分。
AIはブレストの相手。

信用するかしないかじゃなくて
「どう活用するか」の問題。

使い方を変えろ。
AIが悪いんじゃない。",AI壁打ちの使い方やってる？,draft,AI×逆張り×使い方提案×広い市場
87,AI活用,データ型,"AIを導入した人の
生産性データがヤバい。

コーディング速度: 平均2.5倍
文章作成速度: 平均3倍
リサーチ時間: 平均1/5

しかもこれ、
「AIに詳しい人」だけの数字じゃない。

「普通に使い始めた人」の平均値。

つまりAIは
特別な人の特別なツールじゃなくて
全員の生産性を底上げするもの。

電卓が出た時、
全員の計算速度が上がったのと同じ。

使わない人は
「俺は暗算でやる」って言ってる人と
同じポジション。

カッコいいか？
ただの非効率でしょ。

今日からでいい。
1つの作業をAIにやらせてみ。",AI導入して一番変わったこと教えて,draft,AI×データ×説得力×広い市場
88,AI活用,問題提起,"AIでコンテンツを作ること、
「ズルい」って思ってる人へ。

じゃあ聞くけど、
カメラで写真撮ることもズルい？
Excelで計算することもズルい？

道具を使うことと
手を抜くことは全然違う。

AIで下書きを作って
自分の言葉で編集する。

AIでリサーチして
自分の視点で解釈する。

これ「ズルい」じゃなくて
「効率的」って言うんだよ。

最終的なアウトプットの質は
「自分のフィルター」で決まる。

AIは材料を集める道具。
料理するのは自分。

同じ材料でも
料理人の腕で味が変わる。

AIを使いこなせ。
それがあなたの料理の腕。",AIコンテンツ賛成？反対？,draft,AI×問題提起×対立構造×クリエイティブ
89,AI活用,言い切り,"2026年、エンジニアじゃなくても
AIで稼げる時代になった。

具体的に:

①AIライティング
→ 記事の構成・下書きをAIで作成
→ 自分で編集して納品
→ 月5〜15万

②AIデザイン
→ Midjourney、Canva AIで
→ SNS画像・バナー制作
→ 1枚3000〜5000円

③AIリサーチ代行
→ 企業のリサーチをAIで高速化
→ レポートにまとめて納品
→ 1件1〜3万

④AIプロンプト販売
→ 使えるプロンプトをまとめて販売
→ note等で500〜3000円

コードが書けなくてもいい。
AIを「使える」だけで価値がある。

まずは1つ試してみ。",気になるのはどれ？番号で教えて,draft,AI×副業×非エンジニア向け×具体的
90,AI活用,トレンド型,"2026年、
AIが中間管理職を代替し始めてる。

「レポートまとめといて」→ AI
「データ分析して」→ AI
「スケジュール調整して」→ AI

つまり「情報の整理と伝達」が
メインの仕事は消える。

残る管理職の仕事:

①チームの感情を読む
②曖昧な状況で判断する
③責任を取る

全部、AIにできないこと。

管理職を目指してる人、
「情報整理マン」になるな。

「判断と責任の人」になれ。

そうすればAI時代でも
むしろ価値が上がる。

AIに代替される管理職 vs
AIを使いこなす管理職。

どっちになりたい？",自分の仕事でAIに置き換えられそうな部分ある？,draft,AI×トレンド×管理職×広い市場
91,個人開発・SaaS,言い切り,"MVPを作るのに
3ヶ月もかけてる人、
それMVPじゃない。

MVP = Minimum Viable Product
「最小限の動くもの」。

最小限なのに3ヶ月？

本当のMVPは
週末2日で作れる範囲でいい。

機能は1つだけ。
デザインはダサくていい。
ログイン機能すらいらないかも。

「これで出すの恥ずかしい…」

そう思えるくらいがちょうどいい。

恥ずかしくないMVPは
作り込みすぎてる証拠。

3ヶ月かけて
誰も使わないものを作るより

2日で作って
フィードバックを100個もらう方が
100倍価値がある。

出せ。今すぐ出せ。",MVP何日で作った？教えて,draft,SaaS×言い切り×MVP×スピード重視
92,個人開発・SaaS,データ型,"SaaSの価格を
松竹梅にするだけで
平均単価が1.5倍になる。

これ、心理学の話。

「3つの選択肢があると
人は真ん中を選びやすい」

例:
ライト: 月980円
スタンダード: 月2980円
プレミアム: 月9800円

ほとんどの人が2980円を選ぶ。

しかも面白いことに
プレミアムを用意するだけで
スタンダードが「お得」に見える。

プレミアムが売れなくてもいい。
存在するだけで真ん中の価値が上がる。

これを「おとり効果」という。

1プランしかないSaaS、
今すぐ3プランに分けろ。

開発ゼロで売上1.5倍。",自分のサービスのプラン構成教えて,draft,SaaS×データ×価格心理学×実践可能
93,個人開発・SaaS,実践型,"LPのコンバージョン率を
2倍にする方法。

ファーストビューに
この3つを入れろ:

①ベネフィット（何が手に入るか）
②ソーシャルプルーフ（誰が使ってるか）
③CTA（今すぐ〇〇する）

ほとんどのLPが
最初に「機能紹介」をしてる。

誰も機能に興味ない。

「自分の悩みが解決するか」
にしか興味がない。

❌「AIを活用した自動化ツール」
⭕「毎日の作業を80%削減。空いた時間で副業しませんか？」

機能を語るな。
ベネフィットを語れ。

LP変えるだけで
広告費そのままで売上2倍。

これが一番コスパいい改善。",自分のLP見直したことある？,draft,SaaS×実践型×LP改善×コンバージョン
94,個人開発・SaaS,共感型,"個人開発者の孤独、
わかる人にはわかるよね。

朝起きて1人でコード書く。
昼も1人。
夜も1人でバグと戦う。

相談する上司もいない。
励ましてくれる同僚もいない。

Xに「今日も頑張った」って書いても
いいね2個。

それでも続けてる人は
本当にすごいと思う。

でもこの孤独には解決策がある。

「ビルドインパブリック」。

作ってる過程を全部公開する。

進捗も、失敗も、学びも。

すると同じ道を歩く仲間が
自然と集まってくる。

1人で頑張らなくていい。
発信すれば仲間が見つかる。",個人開発仲間募集中の人リプで繋がろう,draft,SaaS×共感×孤独×ビルドインパブリック
95,個人開発・SaaS,逆張り,"「まず作ってからマーケティング」

これ、個人開発者の
最大の失敗パターン。

正解は逆。

「まずマーケティングしてから作る」。

具体的には:

①LPだけ先に作る
②SNSで「こういうの作ろうと思ってる」と発信
③ウェイトリスト（事前登録）を集める
④反応を見てから開発開始

登録ゼロ → 需要なし。作るな。
登録50人 → 需要あり。作れ。

これだけで
「3ヶ月作って売上ゼロ」を防げる。

開発者は作りたがる。
でも売れないものを作る時間は
人生で一番もったいない。

作る前に売れ。",事前検証やってる人いる？方法教えて,draft,SaaS×逆張り×マーケティングファースト×重要
96,個人開発・SaaS,問題提起,"個人SaaSの解約理由
トップ3を知ってるか。

1位: オンボーディングが不十分（40%）
2位: 期待した効果が出ない（30%）
3位: サポートが遅い（20%）

全部、「機能不足」じゃない。

つまり機能を追加しても
解約は止まらない。

止めるには:

①初回ログイン後に
「5分で最初の成功体験」を設計する

②週1でユーザーにメールして
活用事例を送る

③問い合わせに24時間以内に返す

これだけで解約率が半分になる。

新機能開発より
オンボーディング改善の方が
ROIは10倍高い。

まずバケツの穴を塞げ。",解約理由で一番多かったものは？,draft,SaaS×問題提起×解約対策×データ
97,個人開発・SaaS,ストーリー型,"ユーザーインタビュー、
最初は「面倒」だと思ってた。

でもやってみたら
開発の方向性が180度変わった。

自分が「絶対必要」と思ってた機能。
ユーザーは「使ったことない」と言った。

自分が「後回し」にしてた機能。
ユーザーは「これが一番便利」と言った。

衝撃だった。

自分の想像とユーザーの現実は
ここまでズレるのかと。

それ以来、月に1回は
ユーザーと30分話す時間を作ってる。

たった30分で
3ヶ月分の無駄な開発を防げる。

ユーザーの声は最強のコンパス。

想像で作るな。
聞いて作れ。",ユーザーインタビューやってる？,draft,SaaS×ストーリー×ユーザーインタビュー×教訓
98,個人開発・SaaS,対立構造,"「速くリリースしろ」
vs
「ちゃんと作ってからリリースしろ」

個人開発の永遠の議論。

結論: フェーズによる。

初期（0→1）: 速さ一択。
バグあっても出せ。
フィードバックが全て。

成長期（1→10）: バランス。
新機能は速く、コアは丁寧に。

安定期（10→100）: 品質重視。
既存ユーザーの信頼を守れ。

最悪なのは
初期なのに完璧を目指すこと。

ユーザー0人のサービスに
99.9%の稼働率は要らない。

フェーズを間違えるな。
今の自分に必要な速度で走れ。",今どのフェーズ？教えて,draft,SaaS×対立構造×フェーズ別×バランス
99,個人開発・SaaS,言い切り,"個人SaaSで一番大事なこと。

技術でもデザインでもマーケでもない。

「1つの課題に絞ること」。

あれもこれもできるツール
→ 何が強みかわからない
→ 誰にも刺さらない
→ 売れない

1つのことしかできないツール
→ その課題を持つ人に100%刺さる
→ 「これが欲しかった！」と言われる
→ 売れる

Notionが最初から
今のNotionだったわけじゃない。

最初はシンプルなメモアプリ。
そこから徐々に広げていった。

最初から全部やろうとするな。

1つの課題を、
世界で一番深く解決しろ。

そこがスタートライン。",自分のサービスは何の課題を解決してる？,draft,SaaS×言い切り×フォーカス×本質
100,個人開発・SaaS,実践型,"個人SaaSの
マーケティングチャネルTOP5。

2026年、実際に効くやつだけ。

①X発信（個人アカウント）
→ 無料、信頼構築、即効性あり。最強。

②Product Hunt
→ 海外ユーザー獲得。英語LP必須。

③SEOブログ
→ 遅いけど安定。半年後から効く。

④比較記事（競合 vs 自分）
→ 検討中の人が必ず検索する。

⑤既存ユーザーの紹介
→ 紹介プログラムを作るだけ。
→ CAC（獲得コスト）がほぼゼロ。

広告は？

個人SaaSで広告は後回し。
利益が出てから考えろ。

まずは①と⑤を全力で。
これだけで月10万は見える。",どのチャネルが一番効いた？,draft,SaaS×実践型×マーケチャネル×具体的
101,X運用2026,言い切り,"2026年のXで
引用RTが最強の武器になった。

スコア15倍。
RTの20倍に次ぐ高評価。

しかも引用RTには
「自分の意見を乗せられる」
というメリットがある。

バズってるポストに
自分の視点で引用RTする。

これだけで
元ポストの読者全員に
自分の存在が届く。

しかもただのRTと違って
「この人の意見面白い」
と思ってもらえる。

引用RT戦略:

①業界の話題ポストを見つける
②自分の経験を1つ足す
③「あなたはどう思う？」で締める

1日3件の引用RTで
フォロワー増加速度が倍になる。",引用RT意識的にやってる？,draft,X運用×引用RT×アルゴリズム×実践型
102,X運用2026,データ型,"Xプレミアム、
月額980円の価値はあるのか。

結論: 副業勢は必須。

理由を数字で示す。

①長文投稿が可能
→ スレッド不要で深い内容が書ける
→ エンゲージメント率1.3倍

②収益化プログラム
→ インプレッション収益が入る
→ 月数千〜数万円

③分析ツール
→ どの投稿が伸びたか丸わかり
→ PDCAが回せる

④ブルーバッジ
→ 信頼性UP
→ フォロー率1.2倍

月980円で
これだけリターンがあるなら
投資として破格。

「無料で十分」は趣味アカの発想。
ビジネスでXやるなら課金しろ。",プレミアム入ってる？効果あった？,draft,X運用×プレミアム×データ×ROI分析
103,X運用2026,実践型,"ポストの「リサイクル」、
やってる人ほぼいないけど超効果的。

3ヶ月前に伸びたポスト、
覚えてる人はほぼゼロ。

フォロワーの半分以上が
3ヶ月前にはいなかった人。

つまり過去のバズポストを
少し切り口変えて再投稿するだけで
もう一度伸びる。

やり方:

①過去のポストで
いいね50以上のものをリスト化

②切り口を変える
（具体例を差し替え、順番を変える等）

③3ヶ月以上間隔を空けて再投稿

これで新しいネタを
毎日ゼロから考えなくてよくなる。

ネタ切れの特効薬。
過去の自分は最高のネタ帳。",ポストリサイクルやってる人いる？,draft,X運用×リサイクル×実践型×ネタ切れ対策
104,X運用2026,問題提起,"Xのアナリティクス、
見てない人多すぎ。

これ、宝の山なのに。

見るべき数字は3つだけ。

①インプレッション数
→ どれだけの人に届いたか

②エンゲージメント率
→ 届いた人のうち何%が反応したか

③プロフィールクリック率
→ 投稿からプロフを見に来た割合

この3つを毎週チェックするだけで
「何が効いてるか」が見えてくる。

感覚で投稿してる人と
データで投稿してる人の差は
3ヶ月後に10倍になる。

「なんとなく投稿」は2025年で終わり。
2026年は「データドリブン投稿」の時代。",アナリティクス毎週見てる？,draft,X運用×アナリティクス×問題提起×データ
105,X運用2026,逆張り,"「朝7時と夜20時が
ゴールデンタイム」

この常識、2026年は疑え。

確かに全体の平均はそう。

でもあなたのフォロワーが
朝7時にアクティブとは限らない。

Xアナリティクスで
自分のフォロワーの
アクティブ時間を確認しろ。

業種によって全然違う。

経営者層: 朝5〜6時
サラリーマン: 通勤時間・昼休み
フリーランス: 10時〜14時
学生: 22時〜1時

平均を信じるな。
自分のデータを信じろ。

しかも2026年のアルゴリズムは
「投稿後2〜3時間の反応」が命。

自分がアクティブに対応できる時間に
投稿するのが正解。",自分のベスト投稿時間は何時？,draft,X運用×逆張り×投稿時間×データドリブン
106,X運用2026,実践型,"固定ポストの最適解、
2026年版。

固定ポストは「お店の看板」。
プロフを見た人が必ず見る場所。

何を固定すべきか:

【フォロワー増やしたい時】
→ 一番バズったポスト
→ 「この人の投稿面白い」と思わせる

【商品を売りたい時】
→ 無料プレゼントの案内
→ 「LINE登録で〇〇プレゼント」等

【権威性を出したい時】
→ 実績まとめスレッド
→ 「月〇万達成までにやったこと」

月1回は固定ポストを見直せ。

同じものを半年固定してる人、
それ賞味期限切れてる。

固定ポスト = 最強の営業マン。
定期的にアップデートしろ。",固定ポスト何にしてる？見せて,draft,X運用×固定ポスト×実践型×目的別
107,X運用2026,共感型,"Xで「いいね」は来るけど
フォローされない問題。

これ、めちゃくちゃ悔しいよね。

原因はほぼ1つ。

「この人をフォローする理由」が
プロフィールにない。

ポストが面白い
→ プロフを見に行く
→ 「何の人かわからん」
→ 戻る

この離脱が大量に起きてる。

プロフに必要なのは
「フォローしたら何が手に入るか」。

❌「自由に生きたい30代」
⭕「副業月10万ノウハウを毎日発信｜元年収300万→独立」

具体的な数字と
フォローするメリット。

プロフ変えるだけで
フォロー率が2〜3倍変わる。

今すぐ見直して。",プロフ改善でフォロー率変わった人いる？,draft,X運用×共感×プロフ最適化×フォロー率
108,X副業,言い切り,"DM営業、
「売り込み」と思ってる人が多すぎる。

違う。

DM営業の本質は
「困ってる人を助けること」。

やり方:

①相手のポストを読む
②困ってそうなことを見つける
③「こういう方法もありますよ」とDM

最初に売り込まない。
最初は純粋に助ける。

そうすると
「もっと詳しく知りたいです」
と向こうから言ってくる。

そこで初めて
「実はこういうサービスやってて」
と案内する。

Give → Give → Give → Offer

この比率を守れば
DM営業は全然嫌がられない。

むしろ感謝される。",DM営業やったことある？反応教えて,draft,X副業×DM営業×Give先行×実践型
109,X副業,実践型,"Xからメルマガ・LINE登録に
繋げる最強の方法。

フォロワー → メルマガ読者
この変換が副業収益の生命線。

なぜか？

Xのタイムラインは流れる。
メルマガは届く。

「読むかどうか」と
「届くかどうか」は全然違う。

登録を増やすコツ:

①プロフに登録リンク
②固定ポストで無料プレゼント
③週1で「メルマガ限定で〇〇配ってます」

無料プレゼントは
「チェックリスト」か「テンプレート」が鉄板。

作るのに30分。
でも登録率が3倍になる。

X → メルマガ → 商品販売

この導線を持ってる人だけが
フォロワー500人でも稼げる。",メルマガやLINEやってる？登録数教えて,draft,X副業×メルマガ×導線設計×実践型
110,X副業,データ型,"デジタルコンテンツの
価格別売上データ。

500円: 購入率15% 単価低い
1980円: 購入率8% バランス良い
4980円: 購入率3% 利益率最高
9800円: 購入率1% 高単価勝負

面白いのは
トータル売上が最大になるのは
1980〜4980円のレンジ。

500円は安すぎて
「大した内容じゃないだろう」と思われる。

9800円は高すぎて
「失敗したら怖い」と思われる。

1980〜4980円が
「試してみるか」のゾーン。

最初のコンテンツは
1980円スタートがおすすめ。

売れたら次は4980円に挑戦。
段階的に上げていくのが正解。",自分のコンテンツの価格いくら？,draft,X副業×価格設定×データ×コンテンツ販売
111,X副業,ストーリー型,"コンサルなんて
自分には無理だと思ってた。

だって「何の専門家でもない」から。

でもXで1年間発信を続けた結果、
「副業の始め方を教えてほしい」
というDMが来るようになった。

最初は無料で相談に乗ってた。
そのうち「有料でもいいので」と言われた。

月3万で月2人。
これだけで月6万の収入。

気づいた。

コンサルに必要なのは
「圧倒的な専門知識」じゃなくて
「相手より1歩先にいること」。

プログラミング歴1年の人は
プログラミング始めたい人のコンサルができる。

あなたの「普通」は
誰かにとっての「すごい」。

過小評価するな。",コンサルやってる人いる？始めたきっかけ教えて,draft,X副業×コンサル×ストーリー×ハードル下げ
112,X副業,逆張り,"アフィリエイトは終わった？

2026年、むしろチャンス。

ブログアフィリは確かに厳しい。
SEOの競争がエグすぎる。

でもXアフィリエイトは
まだブルーオーシャン。

理由:
①フォロワーとの信頼関係がベース
②リアルな体験談が刺さる
③競合が少ない（みんなブログに行く）

やり方:
①自分が本当に使ってるサービスを選ぶ
②体験談をポストする（嘘は絶対ダメ）
③プロフかスレッドにリンクを置く

月3〜5万なら
フォロワー500人で現実的。

ポイントは「売る」んじゃなくて
「紹介する」感覚。

友達に「これいいよ」って言う感じ。
これが一番コンバージョン率高い。",Xアフィリやってる人いる？月いくらくらい？,draft,X副業×アフィリエイト×逆張り×実践型
113,X副業,問題提起,"Xでコミュニティ運営、
2026年の隠れた稼ぎ方。

月額制コミュニティの魅力:
①毎月安定した収入
②メンバー同士が勝手に盛り上がる
③自分の労力が少ない（仕組み化しやすい）

月額1000円 × 50人 = 月5万
月額3000円 × 30人 = 月9万

しかもコミュニティメンバーは
最も熱量の高いファン層。

新商品出した時の購入率が
一般フォロワーの10倍。

始め方:
①Xで無料のグループを作る
②価値を出して信頼を構築
③有料版に移行

最初から有料はNG。
まず無料で「ここにいたい」と思わせろ。",コミュニティ運営してる人いる？,draft,X副業×コミュニティ×月額収入×実践型
114,生産性・時間術,言い切り,"ディープワークができない人、
全員これ当てはまる。

通知をオフにしてない。

メール通知、LINE通知、
Slack通知、X通知…

人間の脳は
通知1回で集中力が途切れて
元に戻るまで23分かかる。

1時間に3回通知が来たら
純粋な集中時間はゼロ。

朝の2時間だけでいい。
全通知をオフにしろ。

最初は不安になる。
「大事な連絡来てるかも」

来てない。
99%は2時間後でも問題ない。

通知オフの2時間は
通知ありの8時間に匹敵する。

これ、大げさじゃなくてガチ。",作業中に通知オフにしてる？,draft,生産性×言い切り×ディープワーク×実践可能
115,生産性・時間術,データ型,"パーキンソンの法則、知ってる？

「仕事は与えられた時間いっぱいに膨張する」

レポート作成、
期限3日なら3日かかる。
期限1日なら1日で終わる。

品質はほとんど変わらない。

これ研究で証明されてる。

つまり「締切を短くするだけ」で
生産性が上がる。

実践方法:

①タスクごとに制限時間を決める
②タイマーをセットする
③時間内に「完了」にする（完璧じゃなくていい）

「1時間で書く」と決めたら
1時間で書ける。

「今日中に」だと
今日の終わりまでダラダラ書く。

自分に締切を課せ。
それだけで生産性2倍。",ポモドーロやってる人いる？,draft,生産性×データ×パーキンソンの法則×実践型
116,生産性・時間術,実践型,"「2分ルール」で
タスク地獄から脱出できる。

2分以内にできることは
今すぐやる。

メール返信 → 今すぐ
ファイル整理 → 今すぐ
短い連絡 → 今すぐ

「後でやろう」リストに入れた瞬間
脳のメモリを占有し続ける。

小さなタスクが50個溜まると
それだけで脳が疲弊する。

2分ルールで小さなタスクを消すと
脳のメモリが空く。

空いたメモリで
大きなタスクに集中できる。

タスク管理の本質は
「やることを減らす」こと。

増やすな。消せ。
2分で終わるなら今やれ。",2分ルール実践してる人いる？,draft,生産性×実践型×2分ルール×タスク管理
117,生産性・時間術,逆張り,"「時間管理」って言葉、
根本的に間違ってる。

時間は管理できない。
1日24時間は変えられない。

管理すべきは「エネルギー」。

朝のエネルギー100%の1時間と
夜のエネルギー20%の1時間。

同じ1時間でも
アウトプットは5倍違う。

だから重要なのは
「何時に何をやるか」。

エネルギー高い時間 → 創造的な仕事
エネルギー低い時間 → ルーティン作業

これを逆にしてる人が多すぎる。

朝一でメールチェック？
最悪。

朝一は「最も価値の高い仕事」に使え。

時間を管理するな。
エネルギーを管理しろ。",自分のエネルギーピークは何時？,draft,生産性×逆張り×エネルギー管理×広い市場
118,生産性・時間術,対立構造,"「マルチタスク」
vs
「シングルタスク」

脳科学の答えは明確。

マルチタスクは幻想。

人間の脳は
「高速で切り替えてる」だけで
同時に処理してるわけじゃない。

しかも切り替えるたびに
「スイッチングコスト」がかかる。

研究結果:
マルチタスクで生産性40%低下。
エラー率50%増加。

つまりマルチタスクしてる人は
シングルタスクの人の半分しか
成果を出せてない。

1つのタスクに
25分間集中する。
5分休む。
次のタスクに移る。

これだけで生産性が倍になる。

同時にやるな。順番にやれ。",マルチタスクしがちな人🙋‍♂️,draft,生産性×対立構造×脳科学×データ
119,生産性・時間術,共感型,"日曜の夜、
「明日からめっちゃ頑張ろう」
と思って月曜の朝にはもう忘れてる。

あるある。

これ、意志力の問題じゃなくて
「仕組み」がないだけ。

毎週日曜に15分だけ
来週のプランニングをする。

①先週の振り返り（3分）
②来週の最重要タスク3つ（5分）
③各日の予定をざっくり配置（7分）

これだけで月曜の朝に
「何からやればいいんだっけ」
が消える。

日曜の夜の15分が
月曜〜金曜の50時間を支配する。

やる気は信用するな。
仕組みを信用しろ。",週次レビューやってる人いる？,draft,生産性×共感×週次レビュー×仕組み化
120,生産性・時間術,問題提起,"「忙しい」が口癖の人、
実は忙しくない説。

本当に忙しい人は
「忙しい」って言う暇もない。

「忙しい」をよく言う人の正体:

①優先順位が決まってない
→ 全部同じ重要度でやってる

②「No」が言えない
→ 頼まれた仕事を全部受ける

③タスクの見積もりが甘い
→ 30分のつもりが2時間

解決法はシンプル。

毎朝「今日やらないこと」を3つ決める。

「やること」じゃなくて
「やらないこと」。

引き算ができる人が
本当に生産性の高い人。",「忙しい」が口癖の人正直にいいね,draft,生産性×問題提起×忙しい幻想×広い市場
121,マインドセット,言い切り,"インポスター症候群、
成功してる人ほどかかる。

「自分なんて大したことない」
「たまたまうまくいっただけ」
「いつかバレる」

これ、全員思ってる。

あのイーロン・マスクでさえ
「自分は詐欺師かもしれない」
と言ったことがある。

つまりインポスター症候群は
「自分がダメな証拠」じゃなくて
「成長してる証拠」。

新しいステージに上がると
必ず感じる。

対処法は1つ。

「感じても無視して行動する」。

消えるのを待ってたら
一生動けない。

不安なまま動け。
動いたら消える。",インポスター症候群感じたことある？,draft,マインド×言い切り×インポスター×広い市場
122,マインドセット,逆張り,"「完璧主義は強み」

これ、最大の罠。

完璧主義の正体は
「失敗が怖い」の裏返し。

完璧になるまで出さない
= 永遠に出さない

完璧な記事を書こうとして
1ヶ月経っても下書き。

完璧なサービスを作ろうとして
半年経ってもローンチできない。

80点で出す人が
100点を目指す人に勝つ。

なぜか？

80点を出して
フィードバックをもらって
90点にする方が速いから。

完璧を目指すな。
「まず出す」を目指せ。

完璧主義は美徳じゃない。
行動の敵。",完璧主義で損した経験ある？,draft,マインド×逆張り×完璧主義×広い市場
123,マインドセット,データ型,"成功者の共通点を
研究したデータがある。

IQは関係ない。
学歴も関係ない。
才能も関係ない。

唯一の共通点:

「グリット（やり抜く力）」。

ペンシルベニア大学の研究で
成功と最も相関が高かったのは
才能でも知能でもなく
「やり抜く力」だった。

つまり「諦めなかった人」が成功する。

シンプルだけど
ほとんどの人がこれをできない。

「3ヶ月やって結果出ない → 辞める」

これが普通。

でも成功する人は
「3ヶ月やって結果出ない → 方法を変える」

辞めるんじゃなく方法を変える。
この差だけ。",今まで一番長く続けたことは何？,draft,マインド×データ×グリット×広い市場
124,マインドセット,共感型,"他人と比較して
落ち込んだ経験、ない人いる？

いないでしょ。

SNSは比較の地獄装置。

同い年なのにもう独立してる。
同期なのにもう月100万。
後輩なのにもう1万フォロワー。

「自分は何やってるんだろう」

これ、全員感じてる。

でも1つ覚えておいてほしい。

あなたが見てるのは
「相手のハイライト」。

失敗も挫折も孤独も
投稿してないだけ。

比較するなら
昨日の自分としろ。

昨日より1つ多く行動したなら
それは紛れもない前進。

他人のタイムラインを見る時間で
自分のタイムラインを作れ。",比較地獄から抜けた方法あれば教えて,draft,マインド×共感×比較×SNS時代
125,マインドセット,対立構造,"「石橋を叩いて渡る」
vs
「まず飛び込む」

成功する起業家はどっちか。

答え: 両方いる。

でも面白いデータがある。

「行動して後悔した人」と
「行動しなくて後悔した人」。

後者の方が後悔が2倍深い。

つまり「やらなかった後悔」は
「やった後悔」より重い。

人生の終わりに
「あの時やっておけば」と思うことの方が
「あの時やらなければ」より多い。

だったら行動する方がいい。

完璧な準備は永遠に来ない。
「今が一番若い」は事実。

迷ったら動け。
最悪、戻ればいいだけ。",最近「やらなかった後悔」ある？,draft,マインド×対立構造×行動×後悔
126,マインドセット,ストーリー型,"「長期で考えろ」の意味を
本当に理解したのは最近。

1年目: 月収0円。焦りしかない。
2年目: 月収3万。「少なすぎ」と思った。
3年目: 月収15万。「やっと」と思った。
4年目: 月収50万。「あ、繋がった」と思った。

1年目の自分は
「3ヶ月で月10万」を夢見てた。

でも実際は4年かかった。

ただし4年目の伸びは
1年目の100倍速い。

複利は投資だけじゃなく
スキルにも信頼にも働く。

最初の1〜2年が一番キツい。
でもここを超えると
急に加速する瞬間が来る。

長期で考えろ。
短期の結果で判断するな。",何年目で「繋がった」感ある？,draft,マインド×ストーリー×長期思考×複利
127,マインドセット,実践型,"失敗を「データ」として扱え。

ほとんどの人は
失敗を「恥」として扱う。

「失敗した → 自分はダメだ → やめよう」

でも成功する人は
「失敗した → なぜ？ → 修正 → 再挑戦」

失敗は感情じゃなくてデータ。

実践方法:

失敗したら3つ書く。
①何をしたか（事実）
②なぜ失敗したか（原因）
③次はどうするか（改善）

これをノートに書くだけで
失敗が「資産」に変わる。

同じ失敗を2回する人は
このメモを取ってない。

感情で処理するな。
データとして蓄積しろ。

失敗ノートは最強の教科書。",失敗ノートつけてる人いる？,draft,マインド×実践型×失敗活用×データ思考
128,マインドセット,問題提起,"「お金のブロック」、
知らないうちにかかってる人多い。

「お金を稼ぐのは悪いこと」
「金持ちはずるい」
「自分は金持ちになれない」

こういう無意識の思い込みが
行動にブレーキをかける。

価格設定で安くしすぎる。
値上げが怖い。
お金の話を避ける。

全部、お金のブロック。

解除する方法:

①「お金は価値の交換」と理解する
②稼いでる人と実際に話す
③小さい金額から「受け取る練習」をする

お金をもらうことに
罪悪感を感じなくなった時、
収入が一気に上がる。

お金は悪じゃない。
価値を届けた証拠。",お金のブロック感じたことある？,draft,マインド×問題提起×お金ブロック×深い
129,マインドセット,言い切り,"「計画を立ててから動く」

真面目な人ほどこれやる。
そして真面目な人ほど動けない。

計画が完成する頃には
やる気がなくなってるから。

最強の計画法:

①5分で3行の計画を書く
②すぐ動く
③動きながら修正する

これだけ。

10ページの事業計画書より
3行メモ + 即行動の方が
100倍結果が出る。

計画は「保険」じゃなくて
「仮説」。

仮説なんて間違って当たり前。
動かなきゃ正解がわからない。

考えすぎるな。
3行書いたら動け。",計画立てすぎて動けなくなった経験ある？,draft,マインド×言い切り×行動重視×広い市場
130,マインドセット,逆張り,"「自分を変えたい」

これ、一番間違ったアプローチ。

自分を変える必要はない。
環境を変えればいい。

ダイエットしたい
→ ジムの近くに引っ越す

勉強したい
→ 図書館で仕事する

副業したい
→ 副業してる人のコミュニティに入る

人間は環境に支配される生物。

意志力で自分を変えるのは
一番コスパが悪い戦略。

環境を変えるのは
一番コスパがいい戦略。

自分を責めるな。
環境を変えろ。

「なぜできないか」じゃなく
「どの環境ならできるか」を考えろ。",環境変えて変わった経験ある？,draft,マインド×逆張り×環境設計×広い市場
131,習慣・健康,言い切り,"睡眠を削って副業してる人、
今すぐやめろ。

睡眠6時間以下が続くと
認知機能が酔っ払いと同じレベルまで落ちる。

つまり寝不足で書いたコードも
寝不足で書いた記事も
酔っ払いのアウトプット。

7時間寝て5時間働く方が
5時間寝て7時間働くより
成果が出る。

研究データ:
7時間睡眠: 生産性100%
6時間睡眠: 生産性75%
5時間睡眠: 生産性50%

2時間多く働いても
生産性が半分なら意味ない。

睡眠は「サボり」じゃなくて
「最強の生産性ツール」。

寝ろ。話はそれからだ。",平均何時間寝てる？正直に教えて,draft,習慣×言い切り×睡眠×データ×広い市場
132,習慣・健康,データ型,"運動してる人と
してない人の生産性の差、
データで見たら衝撃だった。

週3回30分の有酸素運動で:

集中力: +20%
記憶力: +25%
創造性: +30%
ストレス: -40%

しかも効果は
運動後4〜6時間持続する。

つまり朝30分走るだけで
午前中の仕事の質が爆上がりする。

「時間がない」？

30分の運動で
残り8時間の生産性が20%上がるなら
実質1.6時間のプラス。

30分投資して1.6時間リターン。
ROI 320%。

こんな投資他にない。

明日の朝、30分だけ歩いてみ。
走らなくていい。歩くだけでいい。",運動してる人＋してない人分かれてみて,draft,習慣×データ×運動×生産性×ROI
133,習慣・健康,問題提起,"スマホの平均スクリーンタイム、
日本人の平均4時間30分。

年間にすると1642時間。

これ、フルタイムの仕事
約10ヶ月分。

「時間がない」って言ってる人の
10ヶ月分がスマホに消えてる。

全部やめろとは言わない。

「ダラダラ見てる時間」だけ削れ。

方法:
①SNSアプリを2ページ目に移動
②通知を全オフ
③スクリーンタイムのリミットを設定

これだけで
1日1時間は取り戻せる。

年間365時間。
副業なら月3〜5万分の時間。

スマホを見る時間で
人生は作れない。

スマホを置く時間で
人生は変わる。",スクリーンタイム何時間？スクショで見せて,draft,習慣×問題提起×スクリーンタイム×広い市場
134,習慣・健康,実践型,"忙しい人のための
最低限の健康ハック5つ。

①水を1日2リットル飲む
→ 脱水で集中力30%低下。水だけで回復

②昼に15分歩く
→ 午後の眠気が消える

③寝る1時間前にスマホを置く
→ 睡眠の質が劇的に上がる

④1日1食は自炊する
→ コンビニ飯の添加物リセット

⑤朝5分のストレッチ
→ 肩こり・腰痛予防。座り仕事の必須項目

全部やらなくていい。
1つだけ選んで1週間続けてみ。

体が変わると
頭の回転も変わる。

健康は最強の自己投資。
壊れてからじゃ遅い。",いくつやってる？番号で教えて,draft,習慣×実践型×健康×チェックリスト
135,習慣・健康,逆張り,"ドーパミンデトックス、
やったことある？

SNS、YouTube、ゲーム、
お菓子、ネットサーフィン。

全部やめて1日過ごす。

最初の2時間: 地獄。
何をすればいいかわからない。

3〜4時間目: 落ち着く。
本を読む。散歩する。考え事する。

5時間以降: 覚醒。
集中力がバグるほど上がる。
アイデアが湧いてくる。

これ、脳がリセットされた状態。

普段いかに刺激中毒になってるか
身をもって体感できる。

月1回でいい。
1日だけデトックスしてみ。

翌日の生産性が
別人レベルで上がる。",ドーパミンデトックスやったことある？,draft,習慣×逆張り×デトックス×体験型
136,習慣・健康,共感型,"デスクワークの人、
全員肩こりでしょ。

俺もだった。

整体に月1万使ってた。
でも1週間で元通り。

根本解決は
「姿勢を直すこと」でも
「整体に通うこと」でもなかった。

「1時間に1回立つ」こと。

タイマーで55分セット。
鳴ったら立って30秒ストレッチ。

これだけで肩こりが8割消えた。
整体代も消えた。

人間の体は
同じ姿勢を1時間以上
続けるように設計されてない。

座りっぱなしは
タバコと同じくらい体に悪いって
研究データもある。

タイマーセットするだけ。
今日からやれる。",肩こりひどい人いいね,draft,習慣×共感×肩こり×デスクワーカー向け
137,人間関係,言い切り,"フィードバックの伝え方で
人間関係が決まる。

ほとんどの人が
フィードバック = ダメ出し
だと思ってる。

違う。

最強のフィードバック構造:

①良い点を具体的に伝える
②改善点を「提案」として伝える
③期待を伝える

「ここダメだよ」→ 防御反応
「ここをこうしたらもっと良くなりそう」→ 受け入れ

同じ内容なのに
受け取り方が180度変わる。

しかもフィードバックが上手い人は
信頼される。
昇進する。
チームが強くなる。

「伝え方」は最強のスキル。
中身が同じでも結果が変わる。",フィードバックで嬉しかった経験ある？,draft,人間関係×言い切り×フィードバック×広い市場
138,人間関係,実践型,"オンラインで信頼を
構築する方法。

2026年、リモート時代に
対面で会わずに信頼を得る力は必須。

3つのルール:

①レスポンスを早くする
→ 24時間以内。速さ=信頼

②約束を120%で守る
→ 期限より早く、期待より多く

③自分の弱みを見せる
→ 完璧な人は信頼されない
→ 「実はここ苦手なんですよね」が効く

特に③が意外と大事。

弱みを見せると
「この人は正直だ」と思われる。

完璧を演じると
「何か隠してそう」と思われる。

信頼は完璧さじゃなく
誠実さから生まれる。

嘘のない発信が最強の信頼構築。",オンラインで信頼構築するコツある？,draft,人間関係×実践型×信頼構築×リモート時代
139,人間関係,逆張り,"「人脈を広げよう」

この助言、
99%の人には不要。

広げるより
今ある関係を深める方が先。

メンターを1人見つける。
これだけでキャリアが変わる。

メンターの見つけ方:

①自分の2〜3年先にいる人を探す
→ 遠すぎる人はアドバイスが抽象的

②まず価値を提供する
→ 「教えてください」じゃなく
→ 「こういう形でお手伝いできます」

③定期的に報告する
→ 月1の進捗報告だけでいい

give firstの姿勢で近づけば
メンターは意外と簡単に見つかる。

100人の知り合いより
1人のメンター。",メンターいる人いる？どうやって見つけた？,draft,人間関係×逆張り×メンター×実践的
140,人間関係,対立構造,"「嫌われる勇気」
vs
「好かれる努力」

全員に好かれようとすると
誰にも刺さらない。

Xの発信も同じ。

万人受けを狙うと
「ふーん」で終わる。

一部に深く刺さる発信をすると
「これ！！」ってなる。

批判も来る。
でもファンはもっと来る。

100人中
70人に「ふーん」と思われるより
30人に「最高」10人に「嫌い」
残り60人に「知らない」

の方がビジネスは成立する。

30人の熱狂的ファンがいれば
月10万は余裕で稼げる。

全員に好かれるな。
一部に深く刺され。",嫌われる覚悟で発信してる？,draft,人間関係×対立構造×嫌われる勇気×X連動
141,人間関係,問題提起,"クライアントに「No」と言えない人、
自分を安売りしてる。

「無料で少し見てもらえますか？」
「ついでにこれもお願い」
「予算厳しいので値下げできます？」

全部「No」でいい。

「No」が言えないと
①利益が出ない
②疲弊する
③良いクライアントが逃げる

「何でもやります！」の人には
安い案件しか来ない。

「これは得意ですが、それは専門外です」
と線引きできる人に
良い案件が来る。

「No」は拒否じゃなくて
「自分の価値を守る行為」。

値下げ要求に応じるな。
スコープ追加を無料でやるな。

プロとして線を引け。",No言えなくて後悔した経験ある？,draft,人間関係×問題提起×No力×フリーランス
142,人間関係,ストーリー型,"オンラインの繋がりから
リアルのビジネスパートナーができた話。

Xで毎日発信してたら
同じジャンルの人からDMが来た。

「一度お話しませんか？」

最初はオンラインで30分雑談。
共通の課題があることがわかった。

次に月1回の情報交換会を始めた。
3人から始まって、今は10人のグループ。

そこから共同プロジェクトが生まれて
月20万の追加収入に。

1人でやってたら
絶対にたどり着けなかった場所。

Xの発信は
「見せる」ためだけじゃない。
「繋がる」ための手段でもある。

発信し続けてると
必ず仲間が見つかる。",Xで良い繋がりできた人いる？,draft,人間関係×ストーリー×コミュニティ×X連動
143,学習法,言い切り,"2026年、最強の学習法は
「教えること」。

ラーニングピラミッド:
講義を聞く → 5%定着
読む → 10%定着
実践する → 75%定着
教える → 90%定着

つまりXで学んだことを発信するのは
最強の学習法。

しかもフォロワーも増える。
一石二鳥。

「まだ教えるレベルじゃない」？

関係ない。

自分が昨日知ったことを
今日知らない人に教えるだけ。

先生になる必要はない。
「1日先輩」でいい。

学ぶ → 発信 → 定着 → さらに学ぶ

このループが最強。
インプットだけの人に差をつけろ。",学んだことを発信してる人いる？,draft,学習×言い切り×教えること×X連動
144,学習法,逆張り,"本を100冊読む人より
1冊を100回実践する人が勝つ。

読書好きな人は
「次の本」を買うのが好き。

でもそれ、
「実践しない言い訳」になってない？

1冊の本から
本当に実践できるアクションは
せいぜい3つ。

その3つを
血肉になるまで繰り返す方が
100冊の知識より価値がある。

おすすめの読書法:

①読みながらアクションを3つメモ
②本を閉じる
③1週間で3つ全部試す
④効果があったものだけ続ける

読書は「消費」にも「投資」にもなる。
違いは「実践するかどうか」だけ。

次の本を買う前に
前の本を実践しろ。",最近読んだ本で実践したことある？,draft,学習×逆張り×読書法×実践重視
145,学習法,実践型,"スキルを最速で身につける
「20時間ルール」。

新しいスキルは
上達に10000時間必要？

いや、「そこそこ使える」レベルなら
20時間で到達できる。

20時間の使い方:

①最初の5時間: 全体像を把握
→ 入門書1冊 or チュートリアル1本

②次の10時間: 手を動かす
→ 小さなプロジェクトを1つ完成

③最後の5時間: 壁にぶつかる→解決
→ ここで一気にレベルが上がる

ポイントは
「20時間連続」じゃなくて
「毎日1時間 × 20日」。

プログラミングも
デザインも
マーケティングも

20時間で「使える」レベルになれる。

完璧を目指すな。
まず20時間投資しろ。",20時間で身につけたスキルある？,draft,学習×実践型×20時間ルール×スキル習得
146,学習法,共感型,"「何から勉強すればいいかわからない」

これで1ヶ月無駄にした経験、
ない人いる？

プログラミングの言語で迷う。
副業の種類で迷う。
資格の選択で迷う。

迷ってる間に
1ヶ月が過ぎてる。

解決法:

「30秒で選んで始める」

Pythonかな？JavaScriptかな？
→ どっちでもいいから
→ 目の前にあった方を始める

正解は「やってみないとわからない」。
つまり迷ってる時間は全部無駄。

30秒で選んで
ダメだったら変える。

この方が1ヶ月迷うより
100倍速い。

迷う時間 > 間違えた時間

さっさと決めろ。",選択で迷いすぎた経験ある？,draft,学習×共感×決断×行動重視
147,学習法,対立構造,"「独学」
vs
「スクール・講座」

2026年の答え。

結論: 目的による。

独学が向いてる人:
・自走力がある
・時間に余裕がある
・無料教材で十分な領域

スクールが向いてる人:
・独学で挫折した経験がある
・最短で結果を出したい
・仲間やメンターが欲しい

でも1つ言える。

「お金を払う」こと自体に
学習効果がある。

10万円払った講座は
死んでもやり切ろうとする。

無料の教材は
3日で放置する。

人間は「損したくない」生物。
お金を払うと本気度が変わる。

どっちでもいい。
「始めること」が最重要。",独学派？スクール派？理由も教えて,draft,学習×対立構造×独学vsスクール×広い市場
148,学習法,データ型,"アウトプット速度を
3倍にする方法。

音声入力。

タイピング速度: 平均40文字/分
音声入力速度: 平均150文字/分

約3.7倍。

ブログ3000文字:
タイピング → 75分
音声入力 → 20分

55分の差。毎日なら年間334時間。

しかも音声の方が
「話し言葉」になるから
読みやすい文章になる。

やり方:
①スマホのメモアプリで音声入力
②話すように原稿を作る
③後から編集・整形

最初は恥ずかしいけど
慣れたら戻れない。

「書けない」って人は
「話してみ」。

口からなら出てくるから。",音声入力使ってる人いる？,draft,学習×データ×音声入力×生産性×具体的
149,失敗談,ストーリー型,"最初のプロダクトが
完全に失敗した話。

半年かけて作った
タスク管理アプリ。

「Todoistより使いやすいの作ろう」

ローンチ初日のダウンロード数: 3。

しかも3人とも友達。

何がダメだったか。

①競合が強すぎるところで戦った
②誰にも事前に聞いてなかった
③「自分が欲しいもの」を作った

つまり「需要の確認」を
一切してなかった。

この失敗から学んだルール:

「作る前に10人に聞け」

これだけ守ってたら
半年を無駄にしなかった。

失敗は授業料。
でも安い授業料で済ませたい。",最初のプロダクト失敗エピソードある？,draft,失敗×ストーリー×プロダクト×教訓
150,失敗談,共感型,"燃え尽きた話。

副業が軌道に乗り始めた頃、
嬉しくて毎日4時間作業してた。

本業8時間 + 副業4時間 + 通勤2時間。

睡眠5時間の生活を3ヶ月続けた。

3ヶ月目のある朝、
ベッドから起き上がれなくなった。

体は動くのに
「何もしたくない」。

これがバーンアウト。

回復に2ヶ月かかった。

3ヶ月無理して
2ヶ月休む。
トータルで損。

今は「週10時間まで」と決めてる。
物足りなくても守る。

持続可能なペースでしか
持続可能な結果は出ない。

走り続けるコツは
「走りすぎないこと」。",バーンアウト経験ある人いる？,draft,失敗×共感×バーンアウト×健康×広い市場
151,失敗談,言い切り,"クライアントを失った話。

フリーランス2年目。
月15万の固定クライアントがいた。

安心してた。
「この案件があるから大丈夫」と。

ある日突然
「来月からお願いできなくなりました」

理由: 社内で内製化することになった。

月収の半分が一瞬で消えた。

学んだこと:

①1つのクライアントに依存するな
②収入源は最低3つ持て
③「安定」は幻想

それ以来、
1つのクライアントの割合は
収入の30%以下にしてる。

依存は安定じゃない。
分散が安定。

これ、投資にも副業にも
全部当てはまる。",収入源いくつある？教えて,draft,失敗×言い切り×依存リスク×フリーランス
152,失敗談,逆張り,"100回断られた話。

営業を始めた頃、
100通のDMを送った。

返信: 12通
興味あり: 3通
成約: 1件

成約率1%。

普通なら心折れる数字。

でもこれ、逆に考えたら
「100通送れば1件取れる」
ということ。

月10件取りたいなら
月1000通送ればいい。

シンプルな算数。

感情で考えると「100回断られた」。
数字で考えると「1%のコンバージョン率」。

さらにスキルが上がれば
率は2%、3%と上がっていく。

断られることは失敗じゃない。
データ収集。

断られるのが怖い人は
「まだ十分な数を打ってない」だけ。",最初の営業エピソード教えて,draft,失敗×逆張り×営業×数字思考
153,失敗談,対立構造,"早すぎた撤退 vs 遅すぎた撤退。

両方やらかしたことがある。

【早すぎた撤退】
ブログを始めて3ヶ月。
PV月100。
「向いてない」と辞めた。

その後、同時期に始めた人が
6ヶ月目で月1万PV達成してた。

あと3ヶ月続けてれば…。

【遅すぎた撤退】
物販を始めて1年。
毎月赤字。
「もう少しで黒字になる」と続けた。

結果: 累計30万の赤字。

撤退の判断基準:

「同じ時間を他に使ったら
もっと成果が出そうか？」

YESなら撤退。NOなら継続。

感情じゃなくて
機会コストで判断しろ。",早すぎ or 遅すぎた撤退の経験ある？,draft,失敗×対立構造×撤退判断×実体験
154,失敗談,問題提起,"パートナーシップで失敗した話。

友人と一緒にサービスを作った。

最初は楽しかった。
「2人なら何でもできる」と。

3ヶ月後、方向性の違いが出始めた。

「もっと機能を増やしたい」俺
「いやまず売ろう」友人

話し合いを避けた結果、
6ヶ月後に決裂。

サービスもお蔵入り。
友人関係もぎくしゃく。

学んだこと:

①役割分担を最初に明文化しろ
②お金の取り分を最初に決めろ
③意見が割れた時のルールを作れ

「仲がいいから大丈夫」は
最大の危険信号。

ビジネスパートナーシップは
友情とは別物。

契約書を作れ。
友情を守るために。",共同で失敗した経験ある？,draft,失敗×問題提起×パートナーシップ×教訓
155,失敗談,データ型,"最悪の金銭判断をした話。

「これは絶対儲かる」と思って
情報商材に30万使った。

内容: ネットに落ちてるレベル。

さらに「高額コンサル」に50万。

内容: 月1回30分のZoom。

合計80万の損失。

ここから学んだ判断基準:

①「簡単に稼げる」→ 詐欺
②「期間限定」「残り3名」→ 煽り
③「実績の証拠がスクショのみ」→ 怪しい

逆に信頼できるもの:
①無料で価値を出している人
②実名で長期間活動してる人
③受講者の「プロセス」を見せてる人

80万は痛かった。
でもこの判断基準は80万以上の価値がある。

高い授業料だったけど
二度と同じ失敗はしない。",情報商材で失敗した経験ある？,draft,失敗×データ×情報商材×判断基準
156,失敗談,ストーリー型,"ピボット（方向転換）した話。

最初はBtoC向けのアプリを作ってた。
個人向けの家計簿アプリ。

半年頑張ってユーザー200人。
課金してくれたのは3人。

月収: 1500円。

でもユーザーの中に
「これ、社内の経費管理に使えない？」
と言ってくれた人がいた。

BtoB向けに作り直したら
1社で月3万。10社で月30万。

同じ技術。
同じコード。
ターゲットを変えただけ。

BtoCで1500円のものが
BtoBで30万になった。

「何を作るか」より
「誰に売るか」で
価値が200倍変わる。

行き詰まったら
「別の誰か」に売れないか考えろ。",ピボットで成功した人いる？,draft,失敗×ストーリー×ピボット×BtoB×教訓
157,失敗談,共感型,"「もう辞めよう」と思った夜が
何度もある。

1回目: 3ヶ月目。成果ゼロ。
2回目: 6ヶ月目。月3000円で労力に見合わない。
3回目: 1年目。周りが結果出してて焦り。

3回とも辞めなかった。

理由は「やりたかったから」じゃない。

「辞めた後の自分が嫌だったから」。

また元の生活に戻る。
何も変わらない日常。
「あの時続けてれば」と後悔する自分。

それが嫌で続けた。

美しい理由じゃないけど
「嫌」のパワーは強い。

辞めたい夜は必ず来る。
でもその夜を越えた先に
「やっててよかった」がある。

今辛い人。もう少しだけ。",辞めたくなった夜のエピソード聞かせて,draft,失敗×共感×継続×メンタル×応援
158,失敗談,実践型,"復活劇。

月30万あった副業収入が
アルゴリズム変更で月5万に激減。

プラットフォーム依存の
恐ろしさを知った。

そこからやったこと:

①収入源を5つに分散
X発信、note販売、コンサル、
アフィリエイト、コミュニティ運営

②自分のメディアを持つ
メルマガとLINEで
フォロワーを「自分の場所」に移した

③ストック型収入を増やす
売り切りからサブスクへ転換

6ヶ月後、月50万に回復。
しかも以前より安定。

プラットフォームは借り物。
いつルール変更があるかわからない。

自分の城を持て。
借り物の城に住むな。",プラットフォーム依存で痛い目見た人いる？,draft,失敗×実践型×復活×分散×ストック収入
159,失敗談,逆張り,"「失敗は成功の母」って
キレイごとに聞こえる？

俺も最初はそう思ってた。

でもガチだった。

月収50万の今、
一番役に立ってるのは
成功体験じゃなくて失敗体験。

失敗から得たもの:
・やらないことリスト（これが最強）
・騙されない嗅覚
・折れない精神力
・「次はこうする」の引き出し

成功から得たもの:
・自信
・お金

正直、失敗からの方が
学びのROIが高い。

だから今失敗してる人、
おめでとう。

それ、将来の自分への投資。

ただし「同じ失敗を繰り返す」のはNG。
必ず記録して分析しろ。

失敗は資産。放置は負債。",人生最大の失敗とそこからの学び教えて,draft,失敗×逆張り×失敗＝資産×振り返り
160,失敗談,言い切り,"最後に、
全ての挑戦者に伝えたいこと。

失敗した数 = 挑戦した数。

失敗ゼロの人は
挑戦ゼロの人。

失敗10回の人は
挑戦10回の人。

どっちの人生がいい？

俺は後者を選ぶ。

何十回失敗しても
たった1回の成功で全部取り返せる。

しかもその1回は
過去の失敗があったから
たどり着けた場所。

失敗を恐れるな。
挑戦しない人生を恐れろ。

あなたが今日踏み出す一歩は
未来の成功への一歩。

さあ、始めよう。",今日から何を始める？宣言しよう,draft,失敗×言い切り×挑戦×最終メッセージ×感動型
161,X自動化,時間節約,"X自動化の最大のメリット。

「時間が生まれる」。

手動投稿にかかる時間:
ネタ考える→15分
文章書く→20分
投稿する→5分
1投稿40分。

週5投稿で200分。月800分。
年間160時間。フルタイム1ヶ月分。

自動化すると:
週末2時間で1週間分まとめて作成→予約。

年間160時間→年間104時間。
56時間の節約。

この56時間で
コンテンツ作成、リプ対応、
商品開発に集中できる。

「時間がなくて投稿できない」
が永遠に消える。

自動化は「手抜き」じゃない。
「時間の再配分」。",投稿にかかってる時間教えて,draft,X自動化×時間節約×データ×広い市場
162,X自動化,継続性,"X自動化で一番変わること。

「投稿が途切れなくなる」。

手動投稿の最大の敵は
「忙しい日」と「やる気のない日」。

月曜: 投稿！
火曜: 投稿！
水曜: 残業で無理
木曜: 疲れて無理
金曜: 「もういいか…」

これで終了。

自動化してると
水〜金も勝手に投稿される。

アルゴリズムは
「継続的に投稿するアカウント」を優遇する。

3日空くだけで
リーチが30%落ちるデータもある。

自動化 = 継続力。
継続力 = アルゴリズム評価。

忙しい時も休んでる時も
アカウントは動き続ける。",投稿が途切れた経験ある？,draft,X自動化×継続性×アルゴリズム×広い市場
163,X自動化,品質向上,"意外と知られてないけど、
自動化すると投稿の「質」が上がる。

なぜか。

手動投稿:
「今日何書こう…」→ 焦って適当に書く → 質が低い

自動化（予約投稿）:
週末にまとめて10本作る → 比較して良いものだけ残す → 質が高い

バッチ処理の力。

10本書いて8本採用。2本はボツ。

手動だと「今日の1本」を出さざるを得ない。

予約投稿なら「10本から選んだベスト8」を出せる。

質と量の両立。自動化でしか実現できない。",予約投稿と手動投稿どっちが質高い？,draft,X自動化×品質向上×バッチ処理×逆説的
164,X自動化,最適時間,"投稿時間を最適化できる。

あなたが起きてる時間と
フォロワーがアクティブな時間は
一致してない可能性が高い。

ターゲットが会社員なら朝7時がゴールデン。
でもあなたは朝7時に通勤中でスマホ触れない。

自動化なら前日夜にセットして朝7時ジャストに投稿。

毎回ベストタイミングで投稿できる。

しかも自動化ツールの分析で
「自分のフォロワーが最もアクティブな時間」
がデータでわかる。

感覚じゃなくてデータで投稿。
これだけでリーチが1.5倍変わる。

寝てる間にバズる。自動化の醍醐味。",何時に投稿してる？,draft,X自動化×投稿時間×データ×最適化
165,X自動化,メンタル,"自動化で一番ラクになるのは実は「メンタル」。

手動投稿の日常:
朝起きる→「今日も投稿しなきゃ」
昼休み→「まだ投稿してない」
夜→「今日もギリギリ…」

この「投稿プレッシャー」が毎日地味にメンタルを削る。

自動化すると:
週末に1週間分セット→平日は自由。

「投稿しなきゃ」が消える。この精神的余裕がデカい。

余裕ができるとリプ対応に集中できる。
新しいアイデアが浮かぶ。他の仕事に集中できる。

メンタルの余裕 = 行動の質。

「やらなきゃ」から「やりたい」に変わる。

自動化は心の解放。",投稿プレッシャー感じてる人いいね,draft,X自動化×メンタル×共感×広い市場
166,X自動化,データ分析,"自動化ツールの隠れた価値。「分析が勝手に溜まる」。

手動投稿だとどの投稿が伸びたか感覚でしか把握できない。

自動化ツールなら:
①投稿ごとのインプレッション
②エンゲージメント率の推移
③最適投稿時間の自動算出
④伸びたポストの共通パターン

このデータが自動で蓄積される。

1ヶ月分のデータを見ると
「自分のアカウントの勝ちパターン」が明確に見えてくる。

感覚で投稿してる人とデータで投稿してる人。
3ヶ月後の差は10倍。

自動化 = 自動データ収集。データ = 改善の宝庫。",投稿の分析ちゃんとしてる？,draft,X自動化×データ分析×PDCA×差別化
167,X自動化,複数アカウント,"副業でX運用するなら複数アカウント運用は必須。

個人アカウント + プロダクトアカウント。最低でもこの2つ。

手動で2アカウント運用？→ 1日80分。現実的に無理。
自動化で2アカウント運用？→ 週末2時間で両方セット完了。

さらにジャンル別に3アカウント持ってる人もいる。

自動化なしでは管理不可能。自動化ありなら余裕。

複数アカウント = 複数の収入源。
1つのアカウントに依存するリスクも分散できる。

自動化は「効率化」だけじゃなく「拡張」を可能にする。",アカウントいくつ運用してる？,draft,X自動化×複数アカウント×拡張性×副業
168,X自動化,コンテンツ再利用,"過去のバズポストを自動でリサイクルできる。

3ヶ月前のバズポスト、今のフォロワーの半分は見てない。

手動: 「あの投稿どこだっけ」→ 探すだけで30分 → 面倒でやらない
自動化: 伸びたポストを自動で検出 → 切り口変えて再投稿 → 完全自動。

ネタ切れの心配がゼロになる。

しかもリサイクルポストは「一度伸びた実績がある」から再投稿でも高確率で伸びる。

新ネタ70% + リサイクル30%。
これが最も効率的な配分。自動化でしか実現できない。",ポストのリサイクルやってる？,draft,X自動化×リサイクル×ネタ切れ解消×効率
169,X自動化,一貫性,"ブランディングの一貫性が保てる。

手動投稿の罠:
月曜は副業の話、火曜はラーメンの写真、水曜は愚痴…何のアカウントかわからない。

自動化でカレンダーを組むと:
月: マインドセット、火: 実践Tips、水: 失敗談、木: データ系、金: まとめ＆CTA

テーマが一貫する。アルゴリズムは「一貫したテーマ」のアカウントを高く評価する。

フォロワーも「毎週木曜はデータ系が来る」と期待して見に来る。

自動化 = ブランドの設計。設計なき発信はただのノイズ。",投稿テーマのルール決めてる？,draft,X自動化×ブランディング×一貫性×アルゴリズム
170,X自動化,収益直結,"自動化で月いくら分の価値を生み出せるか計算してみた。

①時間節約: 月10時間 × 時給3000円 = 3万円
②継続による追加リーチ: +30% = 収益換算1〜2万円
③最適時間投稿: リーチ1.5倍 = 収益換算1万円
④データ分析による改善: 月+20%成長 = 収益換算2万円

合計: 月7〜10万円の価値。自動化ツールの月額: 数千円。ROI: 1000%以上。

これ、使わない理由がない。

「ツール代がもったいない」は「月7万の価値を捨てる」のと同じ。

自動化は「コスト」じゃなくて「投資」。",自動化ツール使ってる？月いくらの効果感じてる？,draft,X自動化×ROI×数字×説得力
171,X自動化,スレッド,"スレッド投稿の自動化が2026年の隠し技。

スレッドは最強のコンテンツ形式。でも手動だと面倒すぎる。

自動化なら: まとめて書く→予約→自動で連投。しかも最適な間隔で投稿される。

スレッドの間隔が短すぎると「連投ウザい」、長すぎると途中で離脱。
自動化ツールは最適な間隔を計算してくれる。

手動じゃ絶対にできない精度。スレッド × 自動化 = 最強。",スレッド投稿の頻度どれくらい？,draft,X自動化×スレッド×精度×2026
172,X自動化,副業両立,"本業 + 副業 + X運用。手動で回すのは物理的に不可能。

1日: 本業8時間 + 通勤2時間 + 睡眠7時間 + 食事風呂2時間 = 残り5時間

この5時間で副業もX運用も？毎日40分をX投稿に使えない。

自動化すると: X運用は週末2時間でOK → 平日の5時間を100%副業に使える。

自動化は「副業する人の必須インフラ」。
車がないと通勤できないように、自動化がないとX運用できない。",本業×副業×X運用どう時間配分してる？,draft,X自動化×副業両立×時間配分×必須インフラ
173,X自動化,A/Bテスト,"同じネタを2パターンで投稿してどっちが伸びるかテストできる。

パターンA: 「副業で月5万稼ぐ方法」
パターンB: 「副業月5万が現実的な理由」

同じ時間帯に別日で投稿。結果を比較。

Bの方が高い → 「方法」より「理由」の切り口が刺さる → 次に活かす

このA/Bテストを毎週自動で回せる。

感覚に頼る発信は卒業。データに基づく発信に進化。

テストを繰り返した人だけが「自分のフォロワーに刺さる表現」を見つけられる。",A/Bテストやったことある？,draft,X自動化×ABテスト×データ×改善サイクル
174,X自動化,海外展開,"日本が寝てる間に海外のフォロワーにリーチできる。

日本23時 = 米国東部9時。手動なら23時に投稿？寝たい。
自動化ならセットしておけば勝手に投稿。

英語圏は日本の10倍の市場規模。

グローバル展開を考えてるSaaSや個人開発者には必須。

自動化で時差を超えろ。寝てる間に世界に届けろ。",海外向けにも発信してる人いる？,draft,X自動化×海外展開×時差×グローバル
175,X自動化,チーム運用,"チームでX運用する時、自動化ツールが共有ダッシュボードになる。

①誰が何をいつ投稿するか一目瞭然
②投稿の承認フローが作れる
③チーム全員の成果が可視化

手動のチーム運用: 「今日誰が投稿？」「被った」「空白日できた」
自動化のチーム運用: カレンダーに全部見える。被りなし。空白なし。

1人でも便利。チームだと不可欠。",チームでX運用してる人いる？,draft,X自動化×チーム運用×共有×スケール
176,X自動化,エンゲージ集中,"自動化で「投稿作業」を消すと「エンゲージメント作業」に集中できる。

2026年のアルゴリズムでは「リプの質と速度」がスコアに直結。

機械が得意なこと → 定時投稿、スケジュール管理
人間が得意なこと → リプの温度感、ユーモア、共感

投稿 = 自動化。リプ = 手動。

この分業ができた人から伸びていく。全部手動でやるな。人間力が必要な所に集中しろ。",投稿とリプの時間配分どうしてる？,draft,X自動化×エンゲージメント×役割分担×2026
177,X自動化,リスク分散,"自動化していれば「万が一の時」にも対応できる。

体調不良で1週間寝込む。出張で3日間スマホ触れない。メンタル落ちて何もできない。

手動: 投稿ストップ → アルゴリズム評価ダウン → フォロワー離れ
自動化: 予約投稿が勝手に動く → アカウントは生き続ける → 復帰時ダメージゼロ

人生には予期せぬことが起きる。自動化は保険。健康な時にこそセットしろ。",長期離脱した経験ある人いる？,draft,X自動化×リスク管理×保険×継続性
178,X自動化,季節対応,"イベント・季節投稿を先回りで仕込める。

年末年始、GW、夏休み、クリスマス…

手動: イベント当日に焦って投稿
自動化: 1ヶ月前にセット済み

しかも季節ネタは毎年使える。年間の投稿カレンダーを1月に作っておけば12ヶ月間自動で季節投稿が出る。

他の人が当日に焦ってる時、あなたはとっくに投稿済み。

先回り = プロの証。自動化 = 先回りを可能にするツール。",季節投稿の準備してる？,draft,X自動化×季節対応×先回り×計画的
179,X自動化,競合差別化,"自動化してる人としてない人の差が開く一方。

自動化なし: 週3投稿、時間バラバラ、分析なし、月+5%
自動化あり: 毎日投稿、最適時間、データ改善、月+20%

1年後: 自動化なし1.8倍 vs 自動化あり8.9倍。複利の差。

同じ1年で5倍の差がつく。後から追いつくのは不可能に近い。始めるなら今。",自動化ツール何使ってる？,draft,X自動化×競合差別化×複利×データ
180,X自動化,初心者向け,"「自動化って難しそう」→ 全然難しくない。

①ツールに登録（5分）②投稿を書く（いつも通り）③日時を選んで予約（10秒）

これだけ。ITスキルゼロでもスマホだけでもできる。

「難しそう」で避けてる人、5分だけ試してみ。「なんだ、これだけか」ってなるから。",自動化始めるハードル高いと思ってる人🙋‍♂️,draft,X自動化×初心者向け×ハードル下げ×簡単
181,X自動化,投稿頻度,"自動化すると「投稿頻度の実験」ができる。

実際にテストした結果:
週3: エンゲージメント率高い / リーチ少なめ
週5: バランス型 / 最もフォロワー増加
毎日: リーチ最大 / 質にムラが出る

結論: 週5がコスパ最強。でもアカウントによって違う。

自分のアカウントの正解は自分でテストして見つけるしかない。自動化 = テストのハードルを下げるツール。",投稿頻度何回がベスト？,draft,X自動化×投稿頻度×テスト×最適化
182,X自動化,コスト比較,"X運用を外注 vs 自動化。コスト比較。

運用代行: 月額10〜30万円
自分+自動化: 月額数千円

差額: 月9〜29万円。年間100〜350万円の差。

自動化があれば週2時間で十分。外注する前にまず自動化を試してみ。",運用代行使ってる？自分でやってる？,draft,X自動化×コスト比較×外注vs自動化×具体数字
183,X自動化,ストレスフリー,"旅行中もアカウントが動き続ける。

手動の人: 5日間投稿ゼロ
自動化の俺: 5日間で10投稿

旅行前に2週間分セットして完全オフ。

自動化 = 自由。場所に縛られない。時間に縛られない。気分に縛られない。

これが本当の意味での「自由な働き方」。",旅行中も投稿してる？,draft,X自動化×自由×旅行×ストレスフリー
184,X自動化,フォロワー増加,"自動化を始めてからフォロワー増加速度が3倍になった。

手動の時: 月+50フォロワー → 自動化後: 月+150フォロワー

同じ人間が同じことを書いてるのに「仕組み」を変えただけで3倍。

才能の問題じゃない。仕組みの問題。伸びない人は能力が足りないんじゃなくて仕組みが足りないだけ。",自動化でフォロワー増加変わった人いる？,draft,X自動化×フォロワー増加×仕組み×データ
185,X自動化,精神安定,"「今日投稿してない…」この罪悪感、自動化で完全に消える。

ツァイガルニク効果: 未完了タスクが頭から離れない。

毎日「投稿しなきゃ」が頭の片隅にあるだけで他の作業の集中力が落ちる。

自動化すると「今週の投稿は全部セット済み」という安心感。この安心感が他の全ての作業の質を上げる。",投稿の罪悪感感じたことある？,draft,X自動化×精神安定×心理学×ストレス解放
186,X自動化,トレンド対応,"トレンドに乗りつつ安定投稿も維持できる。

予約投稿 = 安定コンテンツ（先発ピッチャー）
手動投稿 = トレンド対応（リリーフ）

両方あるから勝てる。

「自動化したらリアルタイム感がなくなる」は完全な誤解。両立できる。",トレンド投稿と通常投稿の比率は？,draft,X自動化×トレンド対応×二刀流×誤解解消
187,X自動化,売上導線,"自動化でマネタイズ導線を24時間稼働させる。

朝6時: 価値提供ポスト（自動）
昼12時: 実績紹介ポスト（自動）
夜20時: CTA付きポスト（自動）

1日3回、自動で認知→興味→行動の導線が回る。365日、24時間、休みなし。

自動化 = 24時間営業の営業マン。給料ゼロで365日働く営業マンを雇わない手はない。",売上導線を自動化してる人いる？,draft,X自動化×マネタイズ×24時間営業×導線設計
188,X自動化,習慣化,"X運用が「習慣」として定着しやすくなる。

手動: 毎日3つの意思決定（何を書くか、いつ投稿するか、どう書くか）→ 面倒で続かない
自動化: 週末に一括で意思決定 → 平日はゼロ

意思決定を減らすと習慣化のハードルが劇的に下がる。

「投稿するだけ」の状態を作れ。",X投稿を習慣化できてる？,draft,X自動化×習慣化×意思決定削減×心理学
189,X自動化,クロスプラットフォーム,"Xだけじゃなく複数SNSに同時投稿できる。

1つのコンテンツを作成 → 各プラットフォーム用に自動変換 → 同時予約投稿。

1つのネタで4倍のリーチ。手間は1.2倍程度。

1つに依存するな。自動化で分散しろ。",複数SNS運用してる人いる？,draft,X自動化×クロスプラットフォーム×分散×効率
190,X自動化,コンテンツ企画,"コンテンツカレンダーが自然とできあがる。

自動化ツールのカレンダー画面で1週間〜1ヶ月の投稿を俯瞰できる。

木を見て森を見ず → 手動
森を見て木を調整 → 自動化

戦略的にコンテンツを設計できるのは自動化ツールの画面を見てる人だけ。",コンテンツカレンダー作ってる？,draft,X自動化×コンテンツ企画×俯瞰×戦略的
191,X自動化,返信テンプレ,"よくある質問への返信をテンプレ化できる。

毎回ゼロから返信: 1件5分 × 10件 = 50分
テンプレ+自動化: 1件30秒 × 10件 = 5分

45分の節約。毎日なら月22.5時間。

返信の質 = ファン化の質。「丁寧に返してくれる人」という印象を自動で維持できる。",DMの返信テンプレ使ってる？,draft,X自動化×返信効率×テンプレ×時間節約
192,X自動化,成長速度,"同じ能力の2人が1年間X運用した場合。

Aさん（手動）: 週3投稿、分析なし → フォロワー1000人、月収0円
Bさん（自動化）: 週5投稿、データ改善 → フォロワー5000人、月収5万円

能力は同じ。仕組みだけが違う。

自動化は「ズル」じゃない。「賢い戦い方」。",1年前の自分と比べてどれくらい成長した？,draft,X自動化×成長速度×比較×仕組みの力
193,X自動化,副収入,"自動化スキル自体が副収入になる。

①X運用代行: 月3〜10万/アカウント
②自動化設定代行: 1回1〜3万
③コンサル: 月1〜5万
④ノウハウnote販売: 1本2000〜5000円

自動化を学ぶことはスキルの習得であり商品の開発でもある。一石三鳥。",X運用代行やってる人いる？,draft,X自動化×副収入×スキル販売×再現性
194,X自動化,アルゴリズム,"2026年のXアルゴリズムと自動化の相性が最高な理由。

Grok AIが重視する3つ:
①投稿の一貫性 → 自動化で維持
②エンゲージメントの初速 → 最適時間に自動投稿
③投稿頻度 → 自動化で安定

全部、自動化が有利。Grokに好かれたいなら自動化しろ。",アルゴリズムを意識して投稿してる？,draft,X自動化×アルゴリズム×Grok×2026×相性
195,X自動化,失敗防止,"投稿ミスを事前に防げる。

手動の怖いところ: 誤字、下書き誤投稿、深夜テンションの変な投稿…

自動化なら: 書く→一晩寝かす→翌日チェック→投稿。「冷却期間」が作れる。

予約一覧で1週間分を俯瞰チェックできるからミスも防げる。

自動化は「ミスの防波堤」。出す前にチェック。",投稿して後悔した経験ある？,draft,X自動化×ミス防止×品質管理×安心感
196,X自動化,モチベ不要,"自動化の最大のメリットは「モチベーションに依存しない」こと。

モチベが高い日に作りだめ。低い日は自動が回す。

人間のモチベは波がある。でもアカウントの成長に波があったらダメ。

自動化は「モチベの波」と「アカウントの成長」を切り離してくれる。

モチベに頼るな。仕組みに頼れ。",モチベの波でX運用止まった経験ある？,draft,X自動化×モチベ不要×仕組み×本質
197,X自動化,長期資産,"自動化で積み上がるのはフォロワーだけじゃない。「コンテンツ資産」が蓄積される。

1年間週5投稿 = 260本のコンテンツ。

リサイクル可能なネタ帳、ブログのネタ元、書籍化の素材…

投稿は消費じゃなくて蓄積。自動化は蓄積を加速するツール。",過去の投稿を再利用したことある？,draft,X自動化×コンテンツ資産×長期思考×蓄積
198,X自動化,差別化要因,"2026年のX運用者の自動化ツール導入率: まだ30%。

今自動化を始めればそれだけで上位30%。使いこなせば上位10%。

2年後には「自動化してないアカウント」は「スマホ持ってない営業マン」と同じ扱いになる。

先行者利益を取れ。",自動化ツールいつから使ってる？,draft,X自動化×差別化×先行者利益×緊急性
199,X自動化,まとめ,"X自動化のメリット、全部まとめる。

【時間系】月10時間以上の節約
【品質系】バッチ作成で質向上
【成長系】継続性＆データPDCA
【メンタル系】プレッシャーから解放
【収益系】24時間営業の導線＆ROI 1000%

結論: 自動化しない理由がない。唯一の壁は「始める」こと。",一番刺さったメリットはどれ？番号で教えて,draft,X自動化×まとめ×総括×CTA
200,X自動化,問いかけ,"最後に1つだけ聞きたい。

あなたがXに使ってる時間、本当に「投稿作業」に使うべき？

あなたにしかできないこと: フォロワーとの会話、新しいアイデア、商品を作ること、大切な人と過ごすこと。

自動化は「楽をする」ためのものじゃない。「本当にやるべきことに集中する」ためのもの。

あなたの時間をあなたらしいことに使え。自動化は、その第一歩。",何に時間を使いたい？リプで教えて,draft,X自動化×本質×時間の使い方×感動型×最終メッセージ
201,X自動化,導入効果,"X自動化ツールを導入して最初の1週間で変わること。

Day 1: 登録（30分）
Day 3: 初の自動投稿。感動。
Day 4: 「今日は投稿しなくていい」の解放感
Day 7: 来週分の作成（前より速い）

たった1週間でX運用のストレスが80%消える。

騙されたと思って1週間だけ試してみて。",自動化始めて何が一番変わった？,draft,X自動化×導入効果×1週間×ハードル下げ
202,X自動化,投資思考,"月1000円の自動化ツールを「高い」と思う人へ。

1日あたり33円。缶コーヒー1本より安い。

この33円で月10時間の時間、投稿の質向上、フォロワー増加、メンタル安定が手に入る。

時給1000円でも月10時間=1万円の価値。33円で1万円。ROI 30000%。

投資と消費の区別をつけられるかどうかが稼げる人と稼げない人の差。",月いくらまでならツールに払える？,draft,X自動化×投資思考×ROI×コスト比較
203,X自動化,本業シナジー,"X自動化のメリットが本業にも波及する。

X運用で身につくスキル: コピーライティング、データ分析、マーケ思考、ブランディング。全部本業でも使える。

しかも自動化でX運用の時間を最小化すると本業への悪影響ゼロ。むしろプラス。

副業が本業を殺すんじゃなく、副業が本業を強くする。",X運用が本業に活きた経験ある？,draft,X自動化×本業シナジー×スキル転用×副産物
204,X自動化,家族時間,"自動化で手に入る一番大切なもの。「家族との時間」。

手動: 夕食後にスマホで投稿 → 子供が「パパ遊んで」→「ちょっと待って」
自動化: 週末朝2時間で完了 → 平日夜は100%家族時間

稼ぐために家族を犠牲にするなら何のために稼いでるのか。

自動化は手段。目的は「幸せな時間を増やすこと」。本質を忘れるな。",X運用で家族時間削られてる人いる？,draft,X自動化×家族時間×本質×感動型
205,X自動化,将来性,"2026年以降、X自動化は「当たり前」になる。

今始めれば永久に3年分のアドバンテージ。

テクノロジーの波に乗るか波に飲まれるか。

自動化は「流行り」じゃなく「インフラ」。電気やインターネットと同じ。使わない選択肢はない。

さあ、始めよう。",3年後のX運用はどうなってると思う？,draft,X自動化×将来性×先行者利益×インフラ
206,X自動化,睡眠投稿,"寝てる間に一番バズった投稿が出た話。

夜23時に予約投稿セット。朝7時に目覚めたら通知100件以上。

深夜1時にフォロワー間で引用RTが連鎖してた。手動だったらこのバズは存在しなかった。

8時間ぐっすり寝て朝起きたらバズってる。これが自動化の快感。",寝てる間にバズった経験ある？,draft,X自動化×睡眠中投稿×バズ×ストーリー
207,X自動化,メンタルヘルス,"メンタルが落ちた時にアカウントを守れる。

手動: 投稿できない → 自己嫌悪 → さらに悪化
自動化: 予約投稿が動いてる → 安心感 → 回復に集中できる

調子がいい時に仕込んで調子が悪い時は休む。人間らしく生きながらアカウントを成長させる。

これが持続可能なX運用。",メンタル落ちて投稿止まった経験ある？,draft,X自動化×メンタルヘルス×共感×持続可能
208,X自動化,学習効率,"自動化ツールを使うとX運用のスキルが速く上がる。

手動: 投稿→結果→次の投稿（3日後）
自動化: 投稿→結果→すぐ分析→改善→投稿

PDCAの回転速度が3倍。データで振り返れる人と記憶で振り返る人。学習効率に5倍の差。

自動化はツールであり「最強の教材」でもある。",自分の投稿を分析する習慣ある？,draft,X自動化×学習効率×PDCA×成長速度
209,X自動化,仲間,"自動化ツールのコミュニティで仲間が見つかる。

そこには「X運用を本気でやってる人」しかいない。最高の情報交換の場。

1人で試行錯誤するより100人の知見を借りた方が圧倒的に速い。

自動化を始めることはコミュニティに参加すること。1人の戦いがチームの戦いに変わる。",X運用の仲間いる？,draft,X自動化×コミュニティ×仲間×情報交換
210,X自動化,最終結論,"X自動化を50の視点で語ってきた。

でも結局、一番大事なメリットは1つ。「やるべきことに集中できる」。

自動化できることは全部任せて人間にしかできないことに集中する。

自動化は「楽をする」じゃない。「人間らしく生きる」ためのツール。

まだ始めてない人。今日が、残りの人生で一番早い日。始めよう。",自動化で一番変わったことは？最後に教えて,draft,X自動化×最終結論×本質×感動型×ラスト
211,X自動化,ネタ切れ解消,"「ネタがない」で投稿が止まる人。自動化で完全に解決する。

理由はシンプル。週末にまとめて考えるから。

毎日「今日何書こう」→ ネタ切れ
週末に「今週のテーマ何にしよう」→ 5本一気に出る

人間の脳は「まとめて考える」方がアイデアが出やすい。バッチ思考という。

毎日1個ずつ絞り出すより週1で5個出す方がラク。しかも質も高い。

さらに自動化ツールのネタストック機能で思いついた瞬間にメモ → 週末にまとめて仕上げ。

ネタ切れは「能力の問題」じゃなく「仕組みの問題」。",ネタ切れで投稿止まった経験ある？,draft,X自動化×ネタ切れ×バッチ思考×仕組み
212,X自動化,朝の時間,"朝の1時間が完全に自由になる。

多くの人がX投稿を朝にやってる。通勤前の貴重な1時間を使って。

自動化すると: 朝の投稿は予約済み。朝の1時間が丸々空く。

この1時間で:
・読書できる
・運動できる
・副業の作業ができる
・家族と朝食を食べられる

1日1時間 × 365日 = 365時間。15日分の人生。

「朝活」の時間を投稿作業に使うのは本末転倒。

朝は「最もエネルギーが高い時間」。投稿に使うのはもったいなすぎる。

自動化で朝を取り戻せ。",朝の時間何に使ってる？,draft,X自動化×朝時間×生産性×人生の質
213,X自動化,PDCAスピード,"改善速度が3倍になる理由。

手動: 投稿→反応見る→次何書こう→3日後に投稿→反応見る（1サイクル1週間）
自動化: 投稿→データ確認→即修正→翌日反映（1サイクル2日）

月のPDCAサイクル:
手動: 4回
自動化: 15回

同じ1ヶ月で改善回数が4倍近い。

3ヶ月後には手動の人と比べて「12回分の改善の差」がついてる。

上手くなるスピードが段違い。同じ才能でも回転数で勝てる。

量をこなした人だけが質にたどり着く。自動化は量を可能にするツール。",投稿のPDCA回してる？,draft,X自動化×PDCA×改善速度×データ
214,X自動化,コンテンツミックス,"コンテンツの「配合」を設計できる。

伸びるアカウントは投稿の種類が計算されてる。

価値提供: 40%（ノウハウ、Tips）
共感・ストーリー: 25%（体験談、失敗談）
議論誘発: 20%（対立構造、逆張り）
CTA・宣伝: 15%（商品案内、導線）

手動だとこの比率を維持するのはほぼ不可能。気分で偏る。

自動化のカレンダーなら比率を見ながら配置できる。

「今週ノウハウ系が多いな。共感系を1つ入れよう」

この調整ができるのが自動化の強み。感覚じゃなく設計で勝て。",投稿の種類の比率意識してる？,draft,X自動化×コンテンツミックス×設計×戦略
215,X自動化,週末バッチ,"「日曜2時間」で1週間分が完成する具体的な流れ。

0〜15分: 先週の投稿データを確認。伸びたネタをチェック。
15〜45分: 今週のネタを5〜7個リストアップ。
45〜90分: 各ネタを本文に仕上げる。
90〜105分: CTAと画像を追加。
105〜120分: 予約設定して完了。

たった2時間。これで月〜金の投稿が全部終わる。

残りの週166時間は投稿のことを1秒も考えなくていい。

この「考えなくていい時間」の価値がエグい。

脳のメモリが空くと他の全てのパフォーマンスが上がる。",週末にまとめて作成してる人いる？やり方教えて,draft,X自動化×週末バッチ×具体手順×再現性
216,X自動化,感情排除,"感情に左右されない投稿ができる。

手動投稿の罠: イライラしてる日は攻撃的な投稿。落ち込んでる日はネガティブな投稿。

これ、アカウントのブランドを壊す。

自動化なら: 冷静な時にまとめて書いた投稿が、感情に関係なく出る。

日曜にニュートラルな状態で書いた投稿は月〜金どの日に出しても安定してる。

「あの投稿、なんであんなこと書いちゃったんだろう」が消える。

プロのメディアが「今日のライターの気分」で記事の質が変わったらダメでしょ。

あなたのアカウントもメディア。品質を安定させろ。自動化はその最強の手段。",感情で変な投稿しちゃった経験ある？,draft,X自動化×感情排除×品質安定×ブランディング
217,X自動化,画像セット,"画像付き投稿を事前にセットできる。

2026年のアルゴリズムで画像・動画付き投稿はスコア2倍。

でも手動だと: 投稿書く→画像探す→加工する→投稿。1投稿30分以上。

自動化なら: 週末に画像もまとめて準備→テキストとセットで予約。

Canvaで5枚作るのに30分。1枚ずつ都度作るより遥かに効率的。

バッチ処理は画像にも効く。同じテンプレで色とテキストだけ変える。5分×5枚=25分。

画像なしで投稿してる人、スコア半分で戦ってるようなもの。

自動化+画像。これだけでライバルの2倍のスコア。",投稿に画像つけてる？,draft,X自動化×画像×アルゴリズム×スコア2倍
218,X自動化,固定ポスト連動,"固定ポストとの連動で成約率UP。

予約投稿のCTAを全部「→固定ポスト見てね」に統一すると:

毎日の投稿→プロフに誘導→固定ポストを見る→商品ページへ

この導線が「毎日自動で」回る。

しかも固定ポストを月1で更新するだけでCVR（成約率）を改善できる。

手動: たまに固定ポストのこと忘れる
自動化: 全投稿のCTAが固定ポストに向いてる

1つの仕組みが24時間365日営業する。

売上の差は「導線の差」。自動化で導線を常時稼働させろ。",固定ポストへの導線意識してる？,draft,X自動化×固定ポスト×導線×成約率
219,X自動化,失敗コスト,"自動化しない「損失」を計算してみた。

年間の損失:
①時間: 160時間（時給3000円換算=48万円）
②機会損失: 最適時間に投稿しないリーチ減 × 年間=推定20万円分
③継続できず離脱した場合の逸失収入: 月5万×12ヶ月=60万円

合計: 年間最大128万円の損失。

自動化ツールの年間コスト: 約1〜2万円。

1〜2万円をケチって128万円を失う。

これを「もったいない」とは言わない。「判断ミス」と言う。

数字で考えれば答えは明白。感情で判断するな。データで判断しろ。",自動化しないことの損失考えたことある？,draft,X自動化×機会損失×データ×逆転発想
220,X自動化,信頼構築,"「毎日投稿してる人」という信頼が自動で手に入る。

フォロワーが新しいアカウントを評価する基準: 「この人ちゃんと続けてるかな？」

タイムラインを遡って投稿頻度を見る。

毎日投稿してる → 「ちゃんとした人だ」→ フォロー
週1しか投稿してない → 「やる気あるのかな」→ スルー

この「継続してる感」を自動で作れる。

実際は週末2時間しか使ってないのに毎日投稿してるように見える。

見た目の信頼を自動で構築。これも自動化の隠れたメリット。",投稿頻度でアカウントの信頼度変わると思う？,draft,X自動化×信頼構築×継続感×フォロー率
221,X自動化,集中モード,"「投稿作業」と「思考作業」を分離できる。

最高のポストは「考え抜いた時」に生まれる。

でも手動だと「考える」と「投稿する」が同時に求められる。

自動化で分離:
日曜: 思考モード。じっくりネタを考える。
月〜金: 実行モード。リプとエンゲージメントに集中。

脳は「モード切り替え」にエネルギーを使う。

考えながら投稿するより分離した方が両方の質が上がる。

料理人が「仕込み」と「営業」を分けるのと同じ。

仕込みは週末。営業は平日。自動化で実現。",考える時間と投稿する時間分けてる？,draft,X自動化×集中モード×分離×生産性
222,X自動化,祝日対応,"祝日・連休もチャンスを逃さない。

GW、お盆、年末年始…多くの人がXを見る時間が増える。

でもあなたは旅行中かもしれない。実家に帰ってるかもしれない。

手動: 連休中は投稿ゼロ → 最もリーチが取れる期間を逃す
自動化: 連休前にセット → 他の人が休んでる間にリーチ独占

しかも連休中はライバルの投稿が減る。つまり自動化してる人の投稿が相対的に目立つ。

みんなが休んでる時こそ稼ぎ時。自動化なら休みながら稼げる。

連休前の30分のセットが連休の収益を変える。",連休中も投稿してる？,draft,X自動化×祝日対応×連休×チャンス
223,X自動化,マインドシフト,"自動化を始めた瞬間、思考が変わる。

「今日何投稿しよう」→「今週どんな価値を届けよう」

視座が1日から1週間に上がる。

さらに慣れると:
「今月のテーマは何にしよう」→「今期の戦略はどうしよう」

視座がどんどん上がっていく。

手動で日々の投稿に追われてると戦略が考えられない。

自動化で「作業」を消すと「戦略」の時間が生まれる。

作業者から戦略家へ。この進化が自動化の本当の価値。

同じ1時間でも「投稿を書く1時間」と「戦略を考える1時間」ではリターンが10倍違う。",自分のX運用に「戦略」はある？,draft,X自動化×マインドシフト×戦略思考×視座UP
224,X自動化,テスト文化,"「試す→測る→改善」が当たり前になる。

自動化前: 投稿→なんとなく反応見る→次も感覚で書く
自動化後: 投稿→数字で測定→仮説を立てる→改善版を投稿→また測定

この「テスト文化」が身につくと投稿だけじゃなく全てに応用できる。

LP改善、メルマガ、商品開発…全部同じ「試す→測る→改善」。

自動化ツールはこのサイクルの「測る」を自動でやってくれる。

テスト文化を持ってる人とそうでない人。1年後の成長速度が5倍違う。

自動化は「投稿ツール」じゃなく「成長ツール」。",投稿を数字で振り返る習慣ある？,draft,X自動化×テスト文化×PDCA×スキル転用
225,X自動化,ハッシュタグ管理,"投稿ごとに最適なハッシュタグを設定できる。

2026年はハッシュタグ1〜2個が最適。でもどのタグが効くかはジャンルで違う。

自動化ツールなら:
①複数のタグパターンを事前登録
②投稿ごとにワンクリックで適用
③どのタグが伸びたかデータで比較

手動だと毎回「どのタグつけよう」で2分ロス。年間で17時間のロス。

しかもデータが残らないから同じ失敗を繰り返す。

小さな最適化の積み重ねが大きな差を作る。自動化は小さな最適化を可能にする。",ハッシュタグのA/Bテストやったことある？,draft,X自動化×ハッシュタグ×最適化×効率
226,X自動化,下書きストック,"アイデアが湧いた瞬間を逃さない。

シャワー中、散歩中、寝る前…良いアイデアは突然来る。

自動化ツールの下書き機能に即メモ → 週末にまとめて仕上げ。

手動: メモ帳に書く→忘れる→ネタ切れ
自動化: ツールに下書き保存→週末にリストから選ぶ→予約投稿

アイデアの「在庫管理」ができる。

在庫があると精神的に余裕が出る。「ネタ20個ストックしてる」という安心感は絶大。

逆に在庫ゼロだと毎日プレッシャー。

自動化ツール = アイデアの冷蔵庫。新鮮なうちに保存して必要な時に使う。",ネタのストックいくつある？,draft,X自動化×下書き×アイデア管理×ストック
227,X自動化,リプライ分析,"フォロワーの反応パターンが見えてくる。

自動化ツールのデータを見ると:
「月曜のマインド系はリプが多い」
「水曜のデータ系はRT多い」
「金曜のCTAは反応薄い」

このパターンがわかると:
月曜にマインド系→リプで盛り上がる→アルゴリズムUP
水曜にデータ系→RTで拡散→新規フォロワー獲得
金曜は価値提供系に変更→エンゲージメントUP

手動だとこのパターンに気づかない。データが残らないから。

自動化は「気づき」を与えてくれるツールでもある。",フォロワーの反応パターン把握してる？,draft,X自動化×リプライ分析×パターン発見×データ
228,X自動化,セルフブランディング,"「この人は毎日発信してて信頼できる」が自動で作れる。

セルフブランディングの基本は「接触頻度」。

人間は「よく見る人」を信頼する。ザイオンス効果。

毎日タイムラインに現れる人 vs たまにしか見ない人。

前者の方が圧倒的に信頼される。

自動化で毎日「存在感」を出し続ける。実際は週2時間しか使ってなくても。

ブランディングは「中身」だけじゃなく「頻度」で決まる。

頻度を自動で担保できるのが自動化の最強ポイント。

中身は自分で磨け。頻度は自動化に任せろ。",自分のブランディング意識してる？,draft,X自動化×セルフブランディング×ザイオンス効果×信頼
229,X自動化,他SNS転用,"Xの投稿をベースに他のSNS用コンテンツを量産できる。

Xの140字→Instagramの画像テキスト
Xのスレッド→noteの記事
Xの投稿10本→YouTubeの台本1本
Xの人気投稿→メルマガのネタ

1つのXポストが4〜5個のコンテンツに化ける。

自動化ツールのアーカイブから「伸びた投稿」を抽出→他SNSに展開。

手動だと「どの投稿が伸びたか」を毎回探すのが面倒。自動化なら一覧で見える。

Xは全SNSの「ネタ元」になる。自動化はそのネタ元を整理してくれる。",X以外のSNSにも展開してる？,draft,X自動化×他SNS転用×コンテンツ量産×効率
230,X自動化,通知管理,"通知地獄から解放される。

手動投稿だと投稿した瞬間からXに張り付く。通知が気になる。5分おきにチェック。

自動化すると: 投稿は勝手に出る。通知チェックは「決めた時間だけ」。

朝10分、昼10分、夜10分。1日30分のチェックで十分。

「通知が来るたびにスマホを見る」生活から「決めた時間にまとめて確認」に変わる。

これだけで1日のスマホ依存が激減する。

生産性が上がるだけじゃなくメンタルも安定する。

SNSに支配されるな。SNSを支配しろ。自動化はその第一歩。",X通知が気になって他の作業に集中できない人いる？,draft,X自動化×通知管理×スマホ依存×集中力
231,X自動化,言語化力,"投稿をまとめて書くと「言語化力」が爆上がりする。

毎日1投稿をなんとなく書く→言語化の筋トレにならない

週末に5〜7投稿を集中して書く→脳が「言語化モード」に入る

このモードに入ると: 表現が磨かれる。切り口が多彩になる。言いたいことが短く伝わるようになる。

しかもこの言語化力はXだけじゃなく: プレゼン、商談、ブログ、メール…全てに波及する。

自動化のバッチ作成は「言語化のブートキャンプ」。

週2時間×1年=104時間の言語化トレーニング。

これで文章力が上がらないわけがない。",文章力上がったと感じた瞬間ある？,draft,X自動化×言語化力×スキルUP×副産物
232,X自動化,競合分析,"競合の投稿パターンを観察する余裕が生まれる。

手動: 自分の投稿で精一杯。競合を見る余裕なし。
自動化: 自分の投稿は自動。空いた時間で競合を分析。

競合分析で見るポイント:
①何曜日に何を投稿してるか
②どの投稿が伸びてるか
③どんなCTAを使ってるか

これを把握してるだけで戦い方が変わる。

「敵を知り己を知れば百戦危うからず」。

自動化で「己の作業」を効率化し「敵の分析」に時間を使う。

これが戦略的X運用の基本。",競合のアカウント分析してる？,draft,X自動化×競合分析×戦略×孫子
233,X自動化,成功体験,"小さな成功体験が積み上がる。

自動化を始めると:
1週目: 「自動で投稿できた！」
2週目: 「先週よりエンゲージメント上がった！」
1ヶ月目: 「フォロワー増加ペースが変わった！」

この小さな成功体験が次のモチベーションになる。

手動だと成功を「実感」しにくい。データがないから。

自動化はデータで「成長」を可視化してくれる。

数字で成長が見えるとやる気が出る。やる気が出ると行動する。行動するとさらに成長する。

好循環が自動で回り始める。最初の一歩さえ踏み出せば。",X運用で嬉しかった成功体験ある？,draft,X自動化×成功体験×好循環×モチベーション
234,X自動化,マルチ言語,"日本語と英語の投稿を自動で出し分けできる。

日本語アカウントでたまに英語投稿→ フォロワー混乱
別アカウントで英語投稿→ 管理が2倍

自動化で解決: 日本語は毎日、英語は週2回。別々のスケジュールで自動投稿。

グローバルなSaaSを作ってるなら英語発信は必須。でも手動で2言語は現実的に無理。

自動化なら2言語でも週末3時間で完結。

市場を10倍に広げるのに必要なのは「英語力」じゃなく「仕組み」。",多言語で発信してる人いる？,draft,X自動化×マルチ言語×グローバル×SaaS
235,X自動化,フォロワー維持,"新規獲得だけじゃなく「既存フォロワーの維持」にも効く。

フォロワーがアンフォローする理由TOP3:
①投稿がなくなった（放置）
②投稿の質が落ちた（ネタ切れ）
③テーマがブレた（一貫性なし）

自動化で全部防げる。
①予約投稿で放置しない
②バッチ作成で質を維持
③カレンダーで一貫性を保つ

新規フォロワー獲得に注力しがちだけどアンフォローを防ぐ方がコスパいい。

穴の開いたバケツに水を注ぎ続けるより先に穴を塞げ。自動化は穴を塞ぐツール。",最近アンフォローされた理由心当たりある？,draft,X自動化×フォロワー維持×アンフォロー防止×コスパ
236,X自動化,インプレ収益,"インプレッション収益を最大化できる。

Xプレミアムの収益化プログラム: インプレッション数に応じて収入。

インプレッションを増やすには:
①投稿頻度を上げる→自動化で解決
②最適時間に投稿→自動化で解決
③画像付き投稿→自動化で事前準備

全部自動化で最適化できる。

手動で月100万インプレッション → 自動化で月150万インプレッション。1.5倍。

月のインプレッション収益が数千円→1万円に。年間で6万円の差。

自動化ツールの年間コスト1万円を差し引いても5万円のプラス。

「自動化ツール代は自動化で稼いだインプレッション収益で回収」。これが理想形。",インプレッション収益いくらもらってる？,draft,X自動化×インプレッション収益×最大化×ROI
237,X自動化,緊急対応,"自動化してると「緊急の仕事」が入っても安心。

フリーランスあるある: 急にクライアントから「今日中に対応お願いします」。

手動: 仕事に集中→投稿忘れる→継続途切れる
自動化: 仕事に100%集中→投稿は勝手に出る→何も犠牲にしない

本業の急な案件、子供の体調不良、予期せぬトラブル…人生は予定通りにいかない。

そんな時に「でもX投稿しなきゃ」と思うストレスから解放される。

自動化は「何かあった時の保険」であり「何もない時の効率化」でもある。

平時にも有事にも役立つ。万能。",急な予定でX投稿できなかった経験ある？,draft,X自動化×緊急対応×保険×フリーランス
238,X自動化,差別化コンテンツ,"自動化で空いた時間を「差別化コンテンツ」に使える。

テキスト投稿は自動化。その分の時間で:
①動画コンテンツを月2本作る
②インフォグラフィックを作る
③スペース（音声配信）を週1開催

これ全部、手動投稿に追われてたらできない。

2026年は「テキストだけ」のアカウントは埋もれる。動画やスペースで差別化が必要。

でも動画を作る時間がない→テキストを自動化→時間が生まれる→動画が作れる。

自動化は「他のことをやるための装置」。何もしないための装置じゃない。",テキスト以外のコンテンツ作ってる？,draft,X自動化×差別化×動画×時間創出
239,X自動化,曜日戦略,"曜日ごとに最適な投稿を自動配信。

データから見えた曜日別の傾向:
月曜: やる気MAX→マインドセット系が伸びる
火曜: 仕事モード→実践Tips系が伸びる
水曜: 週の中盤疲れ→共感系が伸びる
木曜: 知的好奇心→データ系が伸びる
金曜: 開放的→軽めの話題・対立構造が伸びる
土日: ゆっくり読む→長文スレッドが伸びる

手動: 「今日木曜だからデータ系にしよう」→ 毎回考えるのが面倒
自動化: 最初に曜日×テーマを設定→あとは自動。

一度設計すれば毎週自動で最適配信。脳を使わない。",曜日で投稿内容変えてる？,draft,X自動化×曜日戦略×データ×最適配信
240,X自動化,ピーク管理,"バズった時に次の投稿が準備されてる安心感。

バズると一気にプロフを見に来る人が増える。

その時にタイムラインに「最近投稿してない」は最悪。
「毎日良い投稿がある」は最高。

自動化してると: バズが来た→次の日も良い投稿が自動で出る→「このアカウント毎日いいな」→フォロー。

手動だと: バズが来た→翌日投稿なし→「たまたまかな」→スルー。

バズのチャンスを最大化できるのは「次の弾」が装填されてる人だけ。

自動化は「次の弾」を常に用意してくれる。",バズった翌日に投稿できなかった経験ある？,draft,X自動化×バズ対応×チャンス最大化×フォロー率
241,X自動化,記念日投稿,"自分のアカウントの記念日を忘れない。

「X開始1周年」「フォロワー1000人達成」「投稿500本目」

こういう記念投稿はエンゲージメントが高い。みんなお祝いしてくれる。

でも手動だと忘れる。

自動化ツールに日付メモ機能があれば: 記念日の1週間前にリマインド→投稿を準備→当日に自動投稿。

記念投稿のテンプレ:
「今日でX開始1年。0人→〇〇人まで来ました。ここまで来れたのはフォロワーのおかげです。来年の目標は〇〇。一緒に走ってくれる人はいいね。」

感謝系投稿はフォロワーとの絆を深める最強コンテンツ。自動化で忘れずに出す。",自分のX記念日覚えてる？,draft,X自動化×記念日×エンゲージメント×感謝
242,X自動化,ポートフォリオ,"投稿履歴がポートフォリオになる。

自動化ツールに蓄積された投稿データ:
①「いつ、何を投稿したか」の完全記録
②「どの投稿がどれだけ伸びたか」のデータ
③「フォロワー成長曲線」のグラフ

これ、そのままSNSマーケティングの実績として使える。

転職活動: 「X運用でフォロワー〇〇人増やしました」+データ
営業活動: 「こういう実績があるので御社のX運用もできます」
コンサル: 「自分のアカウントでこういう結果を出しました」

全部、自動化ツールのデータが証拠になる。

手動だとデータが残らない。「なんとなく伸びた」しか言えない。

自動化はキャリアの武器を自動で作ってくれる。",X運用の実績を仕事に活かしたことある？,draft,X自動化×ポートフォリオ×キャリア×データ活用
243,X自動化,試行回数,"「打席数」を圧倒的に増やせる。

野球と同じ。打率3割のバッターでも打席に立たなきゃヒットは出ない。

手動: 年間156投稿（週3回）
自動化: 年間260投稿（週5回）

差: 年間104投稿。

打率3割（バズ率）で計算すると:
手動: 年47回のバズ
自動化: 年78回のバズ

年31回の差。月2.5回の差。

この差が: フォロワー数の差 → 収益の差 → 人生の差。

成功確率は変えられなくても打席数は変えられる。自動化は打席数を増やすツール。",月何本投稿してる？,draft,X自動化×打席数×確率論×データ
244,X自動化,夜型対応,"夜型人間でも朝の投稿ができる。

多くのフォロワーが見る「朝7時」。でもあなたは夜型で朝7時は寝てる。

手動: 朝7時に投稿するには無理やり起きる → 睡眠不足 → 体調崩す
自動化: 前日夜に予約 → 朝7時に自動投稿 → あなたは爆睡中

自分の生活リズムを壊さずにフォロワーのリズムに合わせられる。

これが自動化の地味だけど超大事なメリット。無理した継続は続かない。自分のペースで最適な結果を出せ。",朝型？夜型？投稿時間どう合わせてる？,draft,X自動化×夜型対応×生活リズム×無理しない
245,X自動化,プロ感,"アカウントに「プロ感」が出る。

毎日決まった時間に投稿。テーマに一貫性がある。画像のテンプレが統一。

これだけで「この人はちゃんとやってる」感が出る。

実際は週末2時間で全部やってるだけなのに。

プロ感があるアカウントは:
①フォローされやすい
②商品が売れやすい
③コラボ依頼が来やすい

素人感のあるアカウント:
投稿バラバラ、テーマバラバラ、画像なし。

中身が同じでも「見え方」で信頼が変わる。自動化は「プロの見え方」を簡単に作れる。",プロっぽいアカウントの共通点って何だと思う？,draft,X自動化×プロ感×見え方×ブランディング
246,X自動化,目標管理,"月次・週次の目標を立てやすくなる。

自動化ツールのダッシュボードで先月のデータが一覧で見える。

先月: フォロワー+120人、エンゲージメント率2.3%、最高インプレッション1.5万

今月の目標: フォロワー+150人、エンゲージメント率2.5%、インプレッション2万

具体的な数字で目標を立てられる。

手動: 「もっと頑張ろう」→ 曖昧→ 達成できたかわからない
自動化: 「エンゲージメント率を0.2%上げよう」→ 明確→ 達成の喜び

目標が明確な人は成長が速い。自動化はデータで目標設定を支援するツール。",X運用の月間目標立ててる？,draft,X自動化×目標管理×KPI×データドリブン
247,X自動化,アイデア発酵,"書いた投稿を「寝かせる」ことで質が上がる。

ワインと同じ。書いた直後より1日寝かせた方がおいしくなる。

自動化の流れ:
日曜に書く → 月曜に見直す → 「ここ、もっとこう書いた方がいいな」→ 修正 → 予約

手動だと: 書く→即投稿。見直す余裕ゼロ。

「なんでこんなこと書いちゃったんだろう」が自動化なら起きない。

プロのライターは必ず「寝かせ工程」を入れる。一晩置くと客観的に見れる。

自動化は「寝かせる余裕」を作ってくれる。

急いで出す必要がない安心感。これがプロの仕事を可能にする。",投稿を寝かせてから出す習慣ある？,draft,X自動化×アイデア発酵×寝かせ×品質
248,X自動化,失敗からの復活,"投稿が全然伸びなかった時も自動化が助けてくれる。

1週間全部の投稿がスベった。いいね5個、RT 0。

手動なら: 「俺向いてないのかも」→ モチベ激減→ 投稿停止

自動化なら: 投稿は自動で続いてる。その間にデータを分析して原因特定。来週の投稿を改善版に差し替え。

「投稿を止めないこと」が自動化でできるから落ち込んでも致命傷にならない。

失敗は全員経験する。でも失敗後に投稿を止める人と止めない人で天と地の差がつく。

自動化は「失敗してもアカウントが死なない保険」。",投稿が全然伸びなくて落ち込んだ経験ある？,draft,X自動化×失敗からの復活×レジリエンス×保険
249,X自動化,月末振り返り,"月末の振り返りが圧倒的にラクになる。

自動化ツールの月次レポート:
・投稿数
・平均エンゲージメント率
・フォロワー増減
・最も伸びた投稿TOP5
・最も伸びなかった投稿TOP5

これが自動で出てくる。

手動: 「先月どうだったっけ…」→ 1つ1つ確認→ 1時間かかる→ 面倒でやらない
自動化: ダッシュボード開く→3分で全体像把握→改善点を特定

月末振り返りを「やる人」と「やらない人」で成長速度が3倍違う。

自動化はその振り返りを「3分で終わる」にしてくれる。やらない言い訳がなくなる。",月末に振り返りしてる？,draft,X自動化×月末振り返り×レポート×改善
250,X自動化,仕事獲得,"自動化でXを回してるだけで仕事が来る。

毎日発信してるアカウントは「この人は本気でやってる」と思われる。

企業のマーケ担当が「X運用できる人いないかな」と探す時、どこを見る？

①毎日投稿してるか
②テーマに一貫性があるか
③フォロワーのエンゲージメントが高いか

自動化してる人は全部クリアしてる。

「営業してないのに仕事が来た」は自動化してる人あるある。

発信 = 24時間営業の名刺。自動化 = その名刺を毎日配り続ける仕組み。

仕事は「探す」時代から「来る」時代に変わった。そのために必要なのは自動化された発信。",Xから仕事が来た経験ある？,draft,X自動化×仕事獲得×ブランディング×営業不要
251,X自動化,完結メッセージ,"自動化を始めない理由を全部潰した。

「難しそう」→ 5分で登録、ボタン1つで予約
「高い」→ 月1000円。缶コーヒー以下
「手動で十分」→ データが10倍の差を証明してる
「なんか怖い」→ いつでもやめられる。リスクゼロ
「今は忙しい」→ 忙しいからこそ自動化。本末転倒

もう言い訳は残ってない。

残ってるのは「やるか、やらないか」だけ。

100本のメリットを読んでまだ始めないなら
それは「知識の問題」じゃなく「行動の問題」。

知ってるのにやらないのは知らないのと同じ。

今日始めよう。5分で世界が変わる。",今日始める人はリプで宣言しよう🔥,draft,X自動化×完結×言い訳潰し×行動喚起×最終CTA
252,X自動化,エピローグ,"X自動化のメリット100個、全部読んでくれた人へ。

ありがとう。

100個書いたけど、実は1つにまとめられる。

「あなたの人生を、あなたが本当にやりたいことに使え」

Xは手段であって目的じゃない。副業も手段であって目的じゃない。

目的は「自分らしい人生を生きること」。

自動化はその目的に近づくための最強のツール。

作業から解放される。時間が生まれる。余裕ができる。大切なことに集中できる。

さあ、自動化で手に入れた時間で何をする？

その答えが、あなたの人生の答え。

一緒に最高の人生を作ろう。",このスレッドが役に立ったらRTで広めてくれると嬉しい,draft,X自動化×エピローグ×人生×感動型×RT誘導
253,個人ストーリー,ストーリー型,"7年前、毎朝「会社行きたくない」って思ってた。

でも辞める勇気はなかった。

そんな時、Pythonに出会った。

最初は意味不明。エラーで3日止まった。

でも「自分で何か作れる」って感覚が、人生で初めて希望になった。

会社に依存しない力が欲しかった。ただそれだけ。

あの日Pythonを開かなかったら、今の俺はいない。

始めるのに遅いなんてない。俺が証拠。",共感したらいいねで教えて,draft,個人ストーリー×起源×Python×共感型
254,個人ストーリー,共感型,"ココナラで最初の1件が売れた日、手が震えた。

金額は3,000円。

でもあの3,000円は、会社の給料30万より重かった。

「俺のスキルに金を払ってくれる人がいる」

この事実が全てを変えた。

最初の1件を売るまでが一番キツい。でもそこを超えたら世界が変わる。

今ココナラで0件の人、俺も同じだった。

まず1件。それだけでいい。",最初の1件の体験がある人はリプで教えて,draft,個人ストーリー×初売上×ココナラ×共感型
255,個人ストーリー,ストーリー型,"累計売上200万を超えた日。

嬉しかったか？ 正直に言う。

「やっとここか」だった。

200万って聞くとすごそうだけど、7年かけてる。年間30万弱。

でも大事なのは金額じゃない。

「自分の力で稼げる」という確信が手に入った。

この確信があれば、会社がどうなっても生きていける。

副業の本当の価値は、収入じゃなくて「自信」だと思う。",この考えに共感したらRT,draft,個人ストーリー×累計200万×マイルストーン×ストーリー型
256,個人ストーリー,ストーリー型,"300件以上ツールを作って気づいた。

売れるツールと売れないツールの違いはたった1つ。

「作りたいもの」を作ったか、「求められてるもの」を作ったか。

昔の俺は自分が欲しい機能を詰め込んでた。結果、売れない。

今は「この人の、この面倒を、消す」だけを考える。

技術力じゃない。観察力。

相手の不満を聞いて、それを消すだけ。これが全て。",ツール開発で悩んでる人はフォローしておいて,draft,個人ストーリー×300件開発×教訓×ストーリー型
257,個人ストーリー,共感型,"自動化で毎月40時間を生み出した。

年間480時間。丸20日分。

何をしたか？

・メール返信の定型文を自動化
・データ集計をワンクリックに
・SNS投稿をスケジュール管理
・レポート作成をボタン1つに

1つ1つは地味。でも積み重ねると人生が変わる。

「忙しい」が口癖だった俺が、今は毎日1時間読書してる。

自動化は時間を作る技術。つまり人生を作る技術。",自動化で時間作りたい人はいいね,draft,個人ストーリー×自動化×時間術×共感型
258,個人ストーリー,ストーリー型,"個人でSaaS作って、最初のユーザーがついた日。

ココナラの初売上より震えた。

なぜか？

ココナラは「1回売って終わり」。SaaSは「毎月使ってくれる」。

つまり俺が寝てる間も価値を届けてる。

これが本当の自動化だと思った。

まだ月10万MRRには届いてない。でも方向は確信してる。

個人開発者がSaaSで人生変える時代、もう来てる。",SaaSに興味ある人はフォローしておいて,draft,個人ストーリー×SaaS×初ユーザー×ストーリー型
259,個人ストーリー,共感型,"副業7年目の俺が、会社を辞めない理由。

「稼げてるなら辞めればいいじゃん」ってよく言われる。

でも俺は辞めない。

理由は単純。会社員の安定収入があるから、副業で攻められる。

焦って売らなくていい。値下げしなくていい。本当に良いものだけ作れる。

「辞める＝成功」じゃない。
「辞めなくていい状態を作る＝最強」。

副業の最大の武器は、会社員という土台。

これに気づくのに5年かかった。",この考え方に共感したらいいね,draft,個人ストーリー×会社員×副業×逆張り×共感型
